,Unnamed: 0,time,lat,lon,max,Mpf,Dep,flag,MwAsg,cutlat,cutlon,cellNo,label
2479,2688,2013-12-01 10:06:00,54.449,-117.288,2.97,2.96,0.06,1,3.0,53,48,5348,13.0
2480,2689,2013-12-01 15:09:00,54.45,-117.4,3.85,3.04,0.02,1,3.0,53,48,5348,13.0
2481,2690,2013-12-01 19:12:00,54.43600000000001,-117.33,2.84,2.62,0.03,1,2.6,53,48,5348,13.0
2482,2691,2013-12-01 20:26:00,54.45,-117.306,2.71,2.52,0.03,1,2.5,53,48,5348,13.0
2484,2693,2013-12-01 20:49:00,54.449,-117.323,3.05,2.75,0.02,1,2.8,53,48,5348,13.0
2485,2694,2013-12-02 02:51:00,54.429,-117.34,3.44,2.8,0.0,1,2.8,53,48,5348,13.0
2486,2695,2013-12-02 08:41:00,54.435,-117.311,3.09,2.77,0.03,1,2.8,53,48,5348,13.0
2487,2697,2013-12-03 16:04:00,54.413,-117.312,3.16,2.72,0.02,1,2.7,53,48,5348,13.0
2488,2698,2013-12-03 18:45:00,54.42,-117.298,2.98,2.52,0.04,1,2.5,53,48,5348,13.0
2489,2699,2013-12-03 21:37:00,54.432,-117.314,3.12,2.85,0.05,1,2.9,53,48,5348,13.0
2490,2701,2013-12-04 05:12:00,54.422,-117.331,2.77,2.52,0.03,1,2.5,53,48,5348,13.0
2492,2704,2013-12-05 00:02:00,54.483,-117.392,2.48,2.48,0.02,1,2.5,53,48,5348,13.0
2493,2705,2013-12-05 13:46:00,54.426,-117.335,2.83,2.46,0.03,1,2.5,53,48,5348,13.0
2494,2706,2013-12-06 06:14:00,54.489,-117.426,3.22,2.85,0.02,1,2.9,53,47,5347,13.0
2495,2707,2013-12-06 06:35:00,54.43,-117.329,2.67,2.28,0.01,1,2.3,53,48,5348,13.0
2497,2710,2013-12-06 15:51:00,54.45399999999999,-117.316,3.14,2.78,0.03,1,2.8,53,48,5348,13.0
2498,2711,2013-12-06 17:57:00,54.441,-117.394,2.82,2.69,0.03,1,2.7,53,48,5348,13.0
2500,2713,2013-12-12 01:59:00,54.46,-117.381,3.0,2.52,0.0,1,2.5,53,48,5348,13.0
2525,2739,2014-01-02 20:34:00,54.487,-117.289,3.08,3.01,0.03,1,3.0,53,48,5348,13.0
2575,2793,2014-01-27 09:38:00,54.392,-117.273,2.71,2.71,0.02,1,2.7,52,49,5249,13.0
2585,2806,2014-02-08 08:56:00,54.457,-117.269,2.42,2.42,0.03,1,2.4,53,49,5349,13.0
2586,2807,2014-02-08 11:23:00,54.445,-117.299,2.4,2.22,0.02,1,2.2,53,48,5348,13.0
2589,2810,2014-02-09 14:00:00,54.453,-117.278,2.47,2.47,0.03,1,2.5,53,49,5349,13.0
2590,2811,2014-02-09 14:23:00,54.394,-117.349,2.46,2.46,0.03,1,2.5,52,48,5248,13.0
2592,2814,2014-02-10 14:46:00,54.283,-118.035,2.11,2.11,1.0,2,2.1,51,43,5143,7.0
2603,2827,2014-02-17 01:51:00,54.407,-117.318,2.5,2.3,0.03,1,2.3,53,48,5348,13.0
2636,2867,2014-03-10 09:34:00,54.415,-117.16,2.85,2.46,0.09,1,2.5,53,49,5349,13.0
2698,2939,2014-04-09 22:59:00,54.348,-117.09,2.26,2.22,0.0,1,2.2,52,50,5250,13.0
2703,2945,2014-04-12 22:52:00,54.359,-117.144,2.63,2.63,0.03,1,2.6,52,50,5250,13.0
2704,2946,2014-04-12 22:53:00,54.357,-117.193,3.23,2.63,0.06,1,2.6,52,49,5249,13.0
2707,2949,2014-04-13 09:03:00,54.352,-117.117,2.3,2.13,0.03,1,2.1,52,50,5250,13.0
2709,2951,2014-04-13 20:07:00,54.359,-117.196,2.2,2.2,1.0,2,2.1,52,49,5249,7.0
2710,2952,2014-04-13 20:19:00,54.339,-117.143,3.01,2.53,0.03,1,2.5,52,50,5250,13.0
2711,2953,2014-04-13 21:33:00,54.358,-117.138,2.93,2.48,0.03,1,2.5,52,50,5250,13.0
2712,2955,2014-04-14 02:19:00,54.362,-117.135,2.45,2.23,0.04,1,2.2,52,50,5250,13.0
2713,2956,2014-04-14 03:23:00,54.342,-117.124,2.15,2.07,0.02,1,2.1,52,50,5250,13.0
2715,2958,2014-04-14 08:32:00,54.352,-117.124,2.29,2.19,0.02,1,2.2,52,50,5250,13.0
2744,2991,2014-05-08 09:15:00,54.364,-117.607,2.56,2.56,0.0,1,2.6,52,46,5246,13.0
2761,3009,2014-05-14 15:30:00,54.414,-117.231,2.41,2.41,0.03,1,2.4,53,49,5349,13.0
2762,3010,2014-05-14 15:30:00,54.27,-117.814,2.41,2.41,1.0,2,2.4,51,45,5145,7.0
2765,3016,2014-05-15 04:57:00,54.264,-117.608,2.31,2.31,0.05,1,2.3,51,46,5146,13.0
2766,3017,2014-05-15 06:45:00,54.379,-117.233,2.62,2.62,0.04,1,2.6,52,49,5249,13.0
2768,3019,2014-05-15 11:58:00,54.412,-117.213,3.0,3.0,0.02,1,3.0,53,49,5349,13.0
2769,3020,2014-05-15 13:08:00,54.394,-117.192,2.32,2.32,0.01,1,2.3,52,49,5249,13.0
2774,3025,2014-05-17 07:47:00,54.322,-117.594,2.29,2.12,0.04,1,2.1,52,46,5246,13.0
2775,3026,2014-05-18 11:48:00,54.36,-117.545,2.36,2.36,0.05,1,2.4,52,47,5247,13.0
2778,3029,2014-05-19 20:26:00,54.354,-117.719,2.52,2.52,0.03,1,2.5,52,45,5245,13.0
2780,3032,2014-05-25 13:17:00,54.409,-116.978,2.27,2.27,0.03,1,2.3,53,51,5351,13.0
2889,3165,2014-08-07 20:47:00,54.444,-117.719,2.72,2.72,0.03,1,2.7,53,45,5345,13.0
2890,3166,2014-08-08 07:37:00,54.362,-118.073,2.17,2.15,0.0,1,2.1,52,43,5243,13.0
2891,3167,2014-08-08 18:08:00,54.351000000000006,-118.066,2.27,2.18,0.03,1,2.2,52,43,5243,13.0
2893,3170,2014-08-09 07:40:00,54.463,-117.866,3.03,2.86,0.03,1,2.9,53,44,5344,13.0
2897,3176,2014-08-10 12:33:00,54.413,-117.68,2.94,2.89,0.03,1,2.9,53,46,5346,13.0
3160,3507,2015-02-08 09:42:00,54.375,-117.207,2.5,2.5,1.0,2,2.4,52,49,5249,7.0
3314,3691,2015-05-27 05:07:00,54.137,-116.834,2.4,2.4,1.0,2,2.3,50,52,5052,7.0
3368,3769,2015-08-08 20:30:00,54.267,-117.528,2.46,2.46,1.0,2,2.5,51,47,5147,7.0
3369,3771,2015-08-09 13:51:00,54.124,-117.708,2.78,2.78,5.0,2,2.8,50,45,5045,2.0
3377,3795,2015-08-17 08:04:00,54.333,-117.419,2.26,2.26,1.0,2,2.3,52,48,5248,7.0
3423,3897,2015-09-06 01:25:00,54.101000000000006,-117.411,2.47,2.47,5.0,2,2.5,50,48,5048,2.0
3425,3905,2015-09-07 10:18:00,54.302,-117.575,2.8,2.8,1.0,2,2.7,52,46,5246,7.0
3433,3953,2015-09-13 08:39:00,54.117,-117.322,2.82,2.82,5.0,2,2.8,50,48,5048,2.0
4136,4901,2017-01-09 03:42:00,54.29600000000001,-117.635,2.4,2.4,1.0,2,2.3,52,46,5246,7.0
4137,4903,2017-01-09 05:31:00,54.283,-117.556,2.1,2.1,5.0,2,2.0,51,47,5147,2.0
4138,4905,2017-01-09 20:34:00,54.3,-117.678,2.6,2.6,5.0,2,2.5,52,46,5246,2.0
4140,4907,2017-01-10 00:48:00,54.337,-117.518,2.4,2.4,5.0,2,2.3,52,47,5247,2.0
4141,4908,2017-01-10 03:31:00,54.316,-117.714,1.9,1.9,1.0,2,1.8,52,45,5245,7.0
4142,4910,2017-01-10 17:03:00,54.322,-117.72,2.3,2.3,1.0,2,2.2,52,45,5245,7.0
4143,4911,2017-01-10 20:50:00,54.294,-117.686,2.5,2.5,1.0,2,2.4,52,46,5246,7.0
4144,4915,2017-01-11 08:27:00,54.293,-117.654,2.0,2.0,5.0,2,1.9,52,46,5246,2.0
4145,4919,2017-01-12 04:13:00,54.309,-117.729,1.7,1.7,1.0,2,1.6,52,45,5245,7.0
4147,4921,2017-01-12 06:11:00,54.292,-117.694,2.1,2.1,1.0,2,2.0,52,46,5246,7.0
4150,4926,2017-01-12 15:53:00,54.293,-117.673,2.1,2.1,5.0,2,2.0,52,46,5246,2.0
4154,4936,2017-01-14 10:37:00,54.298,-117.669,2.0,2.0,1.0,2,1.9,52,46,5246,7.0
4159,4947,2017-01-17 04:12:00,54.295,-117.662,2.3,2.3,5.0,2,2.2,52,46,5246,2.0
4160,4951,2017-01-17 16:25:00,54.306,-117.688,2.0,2.0,5.0,2,1.9,52,46,5246,2.0
4163,4957,2017-01-19 00:58:00,54.302,-117.689,2.5,2.5,5.0,2,2.4,52,46,5246,2.0
4165,4964,2017-01-22 03:18:00,54.322,-117.718,1.9,1.9,1.0,2,1.8,52,45,5245,7.0
4167,4969,2017-01-23 02:20:00,54.288,-117.632,2.3,2.3,1.0,2,2.2,52,46,5246,7.0
4170,4973,2017-01-24 16:26:00,54.31399999999999,-117.678,2.5,2.5,5.0,2,2.4,52,46,5246,2.0
4172,4975,2017-01-25 09:44:00,54.306,-117.711,1.8,1.8,5.0,2,1.7,52,45,5245,2.0
4173,4976,2017-01-26 13:43:00,54.163,-116.835,1.9,1.9,1.0,2,1.8,50,52,5052,7.0
4178,4985,2017-01-28 13:26:00,54.292,-117.631,2.6,2.6,1.0,2,2.5,52,46,5246,7.0
4179,4986,2017-01-30 12:08:00,54.301,-117.646,2.4,2.4,1.0,2,2.3,52,46,5246,7.0
4181,4988,2017-02-01 00:57:00,54.31100000000001,-117.7,2.3,2.3,5.0,2,2.2,52,45,5245,2.0
4203,5014,2017-02-21 09:47:00,54.28100000000001,-117.686,1.8,1.8,1.0,2,1.7,51,46,5146,7.0
4207,5019,2017-02-24 11:39:00,54.29,-117.63,1.7,1.7,1.0,2,1.6,52,46,5246,7.0
4216,5032,2017-03-05 11:15:00,54.28,-117.662,2.1,2.1,5.0,2,2.0,51,46,5146,2.0
4242,5072,2017-03-31 07:23:00,54.32899999999999,-117.542,1.5,1.5,1.0,2,1.4,52,47,5247,7.0
4261,5093,2017-04-08 04:09:00,54.269,-117.645,2.4,2.4,5.0,2,2.3,51,46,5146,2.0
4262,5095,2017-04-08 06:50:00,54.28100000000001,-117.594,2.3,2.3,1.0,2,2.2,51,46,5146,7.0
4376,5256,2017-06-30 23:50:00,54.416,-117.416,3.1,3.1,0.0,2,3.0,53,48,5348,13.0
4377,5258,2017-07-01 17:38:00,54.40600000000001,-117.472,3.0,3.0,1.0,2,2.9,52,47,5247,7.0
4381,5273,2017-07-05 14:00:00,54.412,-117.442,1.6,1.6,1.0,2,1.5,53,47,5347,7.0
4382,5274,2017-07-05 14:39:00,54.403,-117.404,1.5,1.5,5.0,2,1.4,52,48,5248,2.0
4409,5314,2017-07-15 18:35:00,54.457,-117.44,2.49,2.49,0.06,1,2.5,53,47,5347,13.0
4413,5322,2017-07-17 16:28:00,54.334,-117.654,1.8,1.8,5.0,2,1.7,52,46,5246,2.0
4548,5533,2017-11-12 02:11:00,54.303,-117.582,2.0,2.0,1.0,2,1.9,52,46,5246,7.0
4578,5576,2017-12-09 13:53:00,54.291,-116.977,2.0,2.0,1.0,2,1.9,52,51,5251,7.0
4666,5697,2018-02-13 15:08:00,54.445,-117.972,2.3,2.3,5.0,2,2.2,53,44,5344,2.0
4667,5698,2018-02-13 16:35:00,54.448,-117.919,2.3,2.3,5.0,2,2.2,53,44,5344,2.0
4668,5700,2018-02-14 05:04:00,54.422,-118.112,2.0,2.0,5.0,2,1.9,53,42,5342,2.0
4669,5702,2018-02-14 13:43:00,54.497,-118.018,2.5,2.5,1.0,2,2.4,53,43,5343,7.0
4670,5703,2018-02-14 15:21:00,54.481,-118.031,2.1,2.1,1.0,2,2.0,53,43,5343,7.0
4672,5705,2018-02-14 17:12:00,54.49,-118.04,2.4,2.4,1.0,2,2.3,53,43,5343,7.0
4673,5706,2018-02-14 18:11:00,54.474,-118.021,2.5,2.5,1.0,2,2.4,53,43,5343,7.0
4674,5707,2018-02-14 19:35:00,54.49,-117.993,1.7,1.7,1.0,2,1.6,53,43,5343,7.0
4678,5711,2018-02-14 22:48:00,54.496,-118.001,2.5,2.5,1.0,2,2.4,53,43,5343,7.0
4679,5712,2018-02-15 06:28:00,54.466,-117.939,2.2,2.2,5.0,2,2.1,53,44,5344,2.0
4680,5713,2018-02-15 09:57:00,54.508,-117.992,2.3,2.3,5.0,2,2.2,53,43,5343,2.0
4681,5714,2018-02-15 12:06:00,54.507,-117.984,2.0,2.0,1.0,2,1.9,53,43,5343,7.0
4682,5715,2018-02-15 12:08:00,54.489,-118.015,2.1,2.1,5.0,2,2.0,53,43,5343,2.0
4843,6055,2018-07-03 19:44:00,54.235,-117.857,3.5,3.5,1.0,2,3.4,51,44,5144,7.0
4909,6223,2018-09-21 23:53:00,54.395,-117.522,2.21,2.21,0.06,1,2.2,52,47,5247,13.0
4915,6236,2018-09-29 10:38:00,54.382,-117.518,1.97,1.97,0.03,1,2.0,52,47,5247,13.0
4916,6240,2018-09-30 12:33:00,54.324,-117.516,1.94,1.94,0.04,1,1.9,52,47,5247,13.0
4917,6241,2018-09-30 12:36:00,54.333,-117.484,2.31,2.31,0.03,1,2.3,52,47,5247,13.0
4921,6247,2018-10-02 13:56:00,54.404,-117.501,2.56,2.56,0.03,1,2.6,52,47,5247,13.0
4929,6262,2018-10-06 00:51:00,54.379,-117.5,2.49,2.49,0.09,1,2.5,52,47,5247,13.0
4930,6263,2018-10-06 06:55:00,54.353,-117.541,2.4,2.4,0.05,1,2.4,52,47,5247,13.0
4931,6264,2018-10-06 08:38:00,54.377,-117.492,1.78,1.78,0.05,1,1.8,52,47,5247,13.0
4932,6268,2018-10-07 07:08:00,54.403,-117.539,2.62,2.62,0.02,1,2.6,52,47,5247,13.0
4933,6269,2018-10-07 07:28:00,54.383,-117.516,1.9,1.9,0.05,1,1.9,52,47,5247,13.0
4934,6270,2018-10-07 17:23:00,54.395,-117.52,2.59,2.59,0.06,1,2.6,52,47,5247,13.0
4935,6271,2018-10-07 18:07:00,54.389,-117.457,1.98,1.98,0.01,1,2.0,52,47,5247,13.0
4936,6272,2018-10-08 02:26:00,54.397,-117.516,2.48,2.48,0.03,1,2.5,52,47,5247,13.0
4937,6274,2018-10-08 03:45:00,54.385,-117.519,2.55,2.55,0.03,1,2.6,52,47,5247,13.0
4938,6275,2018-10-08 05:16:00,54.38800000000001,-117.469,1.98,1.98,0.03,1,2.0,52,47,5247,13.0
4940,6279,2018-10-08 11:57:00,54.37600000000001,-117.305,2.26,2.26,0.04,1,2.3,52,48,5248,13.0
4953,6308,2018-10-15 02:41:00,54.269,-117.264,2.02,2.02,0.03,1,2.0,51,49,5149,13.0
4960,6316,2018-10-18 23:48:00,54.328,-117.528,2.43,2.43,0.03,1,2.4,52,47,5247,13.0
4972,6333,2018-10-25 02:48:00,54.331,-117.482,2.54,2.54,0.02,1,2.5,52,47,5247,13.0
5020,6401,2018-12-01 06:22:00,54.334,-117.533,2.5,2.5,0.02,1,2.5,52,47,5247,13.0
5049,6449,2018-12-22 21:59:00,54.538,-117.573,1.98,1.98,0.05,1,2.0,54,46,5446,13.0
5050,6450,2018-12-23 01:16:00,54.338,-117.631,1.83,1.83,0.01,1,1.8,52,46,5246,13.0
5058,6471,2019-01-03 07:52:00,54.19600000000001,-117.357,2.05,2.05,0.02,1,2.1,51,48,5148,13.0
5227,6705,2019-03-15 00:37:00,54.33,-117.456,2.3,2.3,0.07,1,2.3,52,47,5247,13.0
5420,3687,2015-05-26 15:29:00,54.15600000000001,-116.842,2.29,2.29,2.98,1,2.3,50,52,5052,1.0
5421,3690,2015-05-26 18:30:00,54.146,-116.845,2.34,2.34,2.82,1,2.3,50,52,5052,1.0
5423,3696,2015-05-28 04:25:00,54.145,-116.833,2.54,2.26,3.5,1,2.3,50,52,5052,1.0
5424,3697,2015-05-28 04:45:00,54.14100000000001,-116.843,2.27,2.27,3.5,1,2.3,50,52,5052,1.0
5589,4155,2015-11-22 23:18:00,54.142,-116.853,2.11,2.11,3.5,1,2.1,50,52,5052,1.0
5593,4168,2015-11-30 09:33:00,54.15600000000001,-116.844,2.75,2.75,3.38,1,2.8,50,52,5052,1.0
5657,4495,2016-05-03 13:03:00,54.159,-116.842,2.37,2.37,3.5,1,2.4,50,52,5052,1.0
6249,6307,2018-10-14 23:28:00,54.121,-117.189,1.87,1.87,5.64,1,1.9,50,49,5049,1.0
5307,2686,2013-12-01 01:38:00,54.499,-117.385,3.73,2.97,0.37,1,3.0,53,48,5348,0.0
5308,2687,2013-12-01 05:26:00,54.475,-117.437,3.65,2.94,1.54,1,2.9,53,47,5347,0.0
5309,2696,2013-12-03 06:27:00,54.49800000000001,-117.402,3.62,2.85,1.7,1,2.9,53,48,5348,0.0
5310,2700,2013-12-04 03:13:00,54.471,-117.441,3.55,2.84,0.88,1,2.8,53,47,5347,0.0
5311,2702,2013-12-04 09:58:00,54.49,-117.428,3.17,2.78,4.11,1,2.8,53,47,5347,0.0
5312,2708,2013-12-06 14:22:00,54.449,-117.416,3.58,2.87,0.7,1,2.9,53,48,5348,0.0
5316,2790,2014-01-25 03:59:00,54.508,-117.214,3.31,3.1,0.11,1,3.1,53,49,5349,0.0
5318,2813,2014-02-10 14:46:00,54.374,-117.275,2.11,2.11,7.69,1,2.1,52,49,5249,0.0
5330,2954,2014-04-14 00:24:00,54.356,-117.116,2.28,2.16,0.11,1,2.2,52,50,5250,0.0
5332,3001,2014-05-14 09:46:00,54.508,-117.34,3.72,3.1,0.17,1,3.1,53,48,5348,0.0
5333,3012,2014-05-14 19:27:00,54.447,-117.236,3.2,2.94,6.43,1,2.9,53,49,5349,0.0
5334,3014,2014-05-14 22:09:00,54.502,-117.292,3.15,2.86,0.24,1,2.9,53,48,5348,0.0
5335,3015,2014-05-15 02:13:00,54.399,-117.235,2.46,2.43,10.3,1,2.4,52,49,5249,0.0
5363,3425,2015-01-07 05:28:00,54.429,-117.301,3.23,3.22,12.12,1,3.2,53,48,5348,0.0
5365,3432,2015-01-11 22:50:00,54.422,-117.282,2.28,2.28,3.49,1,2.3,53,49,5349,0.0
5366,3433,2015-01-12 20:29:00,54.347,-117.389,2.24,2.19,7.09,1,2.2,52,48,5248,0.0
5367,3434,2015-01-13 10:42:00,54.365,-117.352,2.74,2.35,7.66,1,2.4,52,48,5248,0.0
5368,3435,2015-01-13 12:07:00,54.364,-117.314,2.1,2.1,2.94,1,2.1,52,48,5248,0.0
5369,3436,2015-01-13 12:22:00,54.363,-117.332,2.11,2.11,3.49,1,2.1,52,48,5248,0.0
5370,3439,2015-01-13 19:46:00,54.357,-117.332,2.39,2.33,3.45,1,2.3,52,48,5248,0.0
5371,3441,2015-01-13 20:58:00,54.351000000000006,-117.328,2.85,2.52,2.8,1,2.5,52,48,5248,0.0
5372,3442,2015-01-14 00:48:00,54.362,-117.355,2.96,2.49,2.8,1,2.5,52,48,5248,0.0
5373,3444,2015-01-14 03:40:00,54.365,-117.344,2.7,2.35,2.8,1,2.4,52,48,5248,0.0
5374,3445,2015-01-14 07:51:00,54.349,-117.337,2.49,2.27,3.49,1,2.3,52,48,5248,0.0
5375,3446,2015-01-14 16:06:00,54.369,-117.353,4.23,3.61,6.56,1,3.6,52,48,5248,0.0
5377,3454,2015-01-15 19:18:00,54.381,-117.457,3.93,3.32,1.55,1,3.3,52,47,5247,0.0
5378,3460,2015-01-16 22:55:00,54.50100000000001,-117.376,3.13,2.7,2.19,1,2.7,53,48,5348,0.0
5379,3462,2015-01-18 15:44:00,54.504,-117.37,2.94,2.53,8.46,1,2.5,53,48,5348,0.0
5380,3465,2015-01-19 06:41:00,54.499,-117.386,2.63,2.32,3.4,1,2.3,53,48,5348,0.0
5381,3466,2015-01-19 14:51:00,54.5,-117.379,2.67,2.37,3.3,1,2.4,53,48,5348,0.0
5382,3467,2015-01-19 22:37:00,54.49,-117.351,2.57,2.33,8.3,1,2.3,53,48,5348,0.0
5383,3468,2015-01-20 00:38:00,54.494,-117.36,2.54,2.32,3.03,1,2.3,53,48,5348,0.0
5384,3469,2015-01-20 14:02:00,54.495,-117.355,2.29,2.16,3.17,1,2.2,53,48,5348,0.0
5385,3471,2015-01-20 20:42:00,54.493,-117.343,2.61,2.3,3.57,1,2.3,53,48,5348,0.0
5386,3472,2015-01-20 21:40:00,54.42100000000001,-117.31,2.83,2.69,3.22,1,2.7,53,48,5348,0.0
5387,3474,2015-01-21 01:50:00,54.49800000000001,-117.388,2.45,2.15,2.56,1,2.1,53,48,5348,0.0
5388,3475,2015-01-21 08:45:00,54.497,-117.37,2.92,2.66,1.97,1,2.7,53,48,5348,0.0
5389,3478,2015-01-22 06:17:00,54.362,-117.315,2.02,2.02,3.49,1,2.0,52,48,5248,0.0
5390,3479,2015-01-23 06:49:00,54.427,-117.305,4.38,3.77,2.13,1,3.8,53,48,5348,0.0
5392,3485,2015-01-24 23:01:00,54.437,-117.308,2.33,2.29,3.5,1,2.3,53,48,5348,0.0
5394,3489,2015-01-28 02:43:00,54.489,-117.373,2.19,2.19,2.24,1,2.2,53,48,5348,0.0
5395,3498,2015-02-06 14:52:00,54.357,-117.217,2.46,2.46,3.49,1,2.5,52,49,5249,0.0
5397,3501,2015-02-07 04:08:00,54.335,-117.212,2.17,2.17,3.49,1,2.2,52,49,5249,0.0
5398,3502,2015-02-07 19:26:00,54.365,-117.217,2.25,2.25,3.5,1,2.3,52,49,5249,0.0
5399,3503,2015-02-07 22:59:00,54.442,-117.555,2.49,2.3,3.5,1,2.3,53,47,5347,0.0
5400,3506,2015-02-08 08:35:00,54.445,-117.564,2.11,2.11,3.5,1,2.1,53,46,5346,0.0
5401,3511,2015-02-08 17:14:00,54.356,-117.216,2.17,2.17,3.5,1,2.2,52,49,5249,0.0
5402,3517,2015-02-10 06:06:00,54.371,-117.224,2.81,2.81,3.5,1,2.8,52,49,5249,0.0
5403,3518,2015-02-10 07:39:00,54.368,-117.223,3.24,3.01,3.5,1,3.0,52,49,5249,0.0
5405,3521,2015-02-11 23:26:00,54.362,-117.201,2.24,2.24,3.49,1,2.2,52,49,5249,0.0
5406,3528,2015-02-14 15:41:00,54.36600000000001,-117.218,2.11,2.11,3.49,1,2.1,52,49,5249,0.0
5408,3534,2015-02-17 17:30:00,54.374,-117.211,2.54,2.54,3.5,1,2.5,52,49,5249,0.0
5411,3556,2015-03-07 20:36:00,54.472,-117.213,2.06,2.06,3.8,1,2.1,53,49,5349,0.0
5412,3605,2015-04-16 20:50:00,54.432,-117.533,2.35,2.35,3.11,1,2.4,53,47,5347,0.0
5422,3695,2015-05-27 22:06:00,54.335,-117.539,2.54,2.54,3.08,1,2.5,52,47,5247,0.0
5426,3704,2015-06-07 09:55:00,54.342,-117.484,2.09,2.09,3.5,1,2.1,52,47,5247,0.0
5430,3763,2015-08-08 01:04:00,54.385,-117.378,2.45,2.45,3.45,1,2.5,52,48,5248,0.0
5431,3764,2015-08-08 02:05:00,54.38800000000001,-117.383,2.09,2.09,3.5,1,2.1,52,48,5248,0.0
5432,3767,2015-08-08 06:47:00,54.386,-117.381,2.23,2.23,3.5,1,2.2,52,48,5248,0.0
5433,3768,2015-08-08 20:30:00,54.38800000000001,-117.391,2.46,2.46,3.06,1,2.5,52,48,5248,0.0
5434,3770,2015-08-09 13:51:00,54.385,-117.377,2.78,2.78,6.56,1,2.8,52,48,5248,0.0
5435,3772,2015-08-09 16:20:00,54.385,-117.379,1.98,1.98,3.45,1,2.0,52,48,5248,0.0
5437,3779,2015-08-15 04:40:00,54.485,-117.254,2.51,2.51,3.5,1,2.5,53,49,5349,0.0
5438,3780,2015-08-15 13:23:00,54.48,-117.253,2.1,2.1,2.85,1,2.1,53,49,5349,0.0
5439,3783,2015-08-16 04:43:00,54.39100000000001,-117.393,2.45,2.45,3.5,1,2.5,52,48,5248,0.0
5440,3784,2015-08-16 10:45:00,54.478,-117.252,2.5,2.5,3.5,1,2.5,53,49,5349,0.0
5441,3785,2015-08-16 15:08:00,54.477,-117.266,2.12,2.12,3.5,1,2.1,53,49,5349,0.0
5442,3786,2015-08-16 20:05:00,54.475,-117.256,2.05,2.05,3.5,1,2.0,53,49,5349,0.0
5443,3787,2015-08-16 20:10:00,54.484,-117.265,2.01,2.01,3.5,1,2.0,53,49,5349,0.0
5444,3788,2015-08-16 21:54:00,54.474,-117.26,2.61,2.6,2.99,1,2.6,53,49,5349,0.0
5445,3789,2015-08-17 00:38:00,54.485,-117.286,1.97,1.97,8.16,1,2.0,53,49,5349,0.0
5446,3790,2015-08-17 02:12:00,54.476000000000006,-117.259,2.07,2.07,3.47,1,2.1,53,49,5349,0.0
5447,3791,2015-08-17 03:37:00,54.477,-117.263,2.04,2.04,3.5,1,2.0,53,49,5349,0.0
5448,3792,2015-08-17 03:38:00,54.48,-117.264,2.02,2.02,3.5,1,2.0,53,49,5349,0.0
5449,3796,2015-08-17 08:04:00,54.479,-117.26,2.26,2.26,3.44,1,2.3,53,49,5349,0.0
5450,3803,2015-08-17 20:53:00,54.477,-117.249,2.12,2.12,7.0,1,2.1,53,49,5349,0.0
5451,3810,2015-08-18 11:55:00,54.476000000000006,-117.261,2.33,2.31,6.95,1,2.3,53,49,5349,0.0
5453,3815,2015-08-20 08:43:00,54.473,-117.265,2.45,2.45,7.08,1,2.5,53,49,5349,0.0
5454,3816,2015-08-20 20:08:00,54.474,-117.261,2.26,2.26,4.58,1,2.3,53,49,5349,0.0
5455,3819,2015-08-22 04:46:00,54.452,-117.227,3.12,3.12,10.3,1,3.1,53,49,5349,0.0
5456,3820,2015-08-22 05:02:00,54.444,-117.237,2.51,2.51,3.23,1,2.5,53,49,5349,0.0
5457,3822,2015-08-22 23:37:00,54.455,-117.247,2.13,2.13,3.5,1,2.1,53,49,5349,0.0
5458,3823,2015-08-23 00:44:00,54.475,-117.248,2.26,2.26,3.5,1,2.3,53,49,5349,0.0
5459,3825,2015-08-23 03:50:00,54.476000000000006,-117.251,2.04,2.04,3.5,1,2.0,53,49,5349,0.0
5460,3826,2015-08-23 05:14:00,54.474,-117.247,2.22,2.22,7.46,1,2.2,53,49,5349,0.0
5461,3827,2015-08-23 22:02:00,54.456,-117.232,2.17,2.17,4.64,1,2.2,53,49,5349,0.0
5462,3828,2015-08-24 03:32:00,54.452,-117.228,2.72,2.72,6.53,1,2.7,53,49,5349,0.0
5463,3829,2015-08-24 05:06:00,54.456,-117.227,2.05,2.05,3.5,1,2.0,53,49,5349,0.0
5464,3830,2015-08-24 15:59:00,54.456,-117.227,2.73,2.73,4.07,1,2.7,53,49,5349,0.0
5465,3831,2015-08-24 19:43:00,54.472,-117.248,2.42,2.42,3.5,1,2.4,53,49,5349,0.0
5466,3832,2015-08-24 20:25:00,54.441,-117.238,2.9,2.71,8.81,1,2.7,53,49,5349,0.0
5467,3833,2015-08-24 22:54:00,54.453,-117.213,2.52,2.52,3.5,1,2.5,53,49,5349,0.0
5468,3836,2015-08-25 18:41:00,54.457,-117.218,2.33,2.33,3.39,1,2.3,53,49,5349,0.0
5469,3837,2015-08-25 22:56:00,54.471,-117.252,2.13,2.13,3.15,1,2.1,53,49,5349,0.0
5470,3838,2015-08-26 03:40:00,54.477,-117.249,2.07,2.07,3.38,1,2.1,53,49,5349,0.0
5471,3839,2015-08-26 06:03:00,54.352,-117.645,2.03,2.03,3.06,1,2.0,52,46,5246,0.0
5472,3840,2015-08-26 22:21:00,54.457,-117.222,2.51,2.51,3.02,1,2.5,53,49,5349,0.0
5473,3844,2015-08-28 19:01:00,54.341,-117.658,2.18,2.18,3.14,1,2.2,52,46,5246,0.0
5474,3845,2015-08-28 22:00:00,54.453,-117.237,2.72,2.72,3.64,1,2.7,53,49,5349,0.0
5475,3846,2015-08-28 22:31:00,54.474,-117.225,2.25,2.25,3.5,1,2.3,53,49,5349,0.0
5476,3848,2015-08-29 02:20:00,54.342,-117.619,2.1,2.1,3.5,1,2.1,52,46,5246,0.0
5477,3850,2015-08-30 08:22:00,54.325,-117.526,2.41,2.41,2.6,1,2.4,52,47,5247,0.0
5478,3851,2015-08-30 11:34:00,54.49,-117.329,2.06,2.06,3.59,1,2.1,53,48,5348,0.0
5479,3852,2015-08-31 13:45:00,54.31,-117.613,2.3,2.3,3.73,1,2.3,52,46,5246,0.0
5480,3853,2015-08-31 19:39:00,54.305,-117.58,2.24,2.24,2.8,1,2.2,52,46,5246,0.0
5481,3854,2015-09-01 08:00:00,54.459,-117.225,3.12,3.12,7.04,1,3.1,53,49,5349,0.0
5482,3855,2015-09-01 08:12:00,54.475,-117.255,1.99,1.99,3.5,1,2.0,53,49,5349,0.0
5483,3856,2015-09-01 08:19:00,54.309,-117.612,2.49,2.49,3.6,1,2.5,52,46,5246,0.0
5484,3860,2015-09-01 23:01:00,54.305,-117.608,2.12,2.12,3.47,1,2.1,52,46,5246,0.0
5485,3861,2015-09-01 23:09:00,54.307,-117.61,2.24,2.24,6.64,1,2.2,52,46,5246,0.0
5486,3864,2015-09-02 06:07:00,54.308,-117.593,2.0,2.0,2.29,1,2.0,52,46,5246,0.0
5487,3865,2015-09-02 06:54:00,54.308,-117.601,2.04,2.04,2.47,1,2.0,52,46,5246,0.0
5488,3872,2015-09-02 10:00:00,54.315,-117.607,2.37,2.37,4.97,1,2.4,52,46,5246,0.0
5489,3873,2015-09-02 10:49:00,54.306,-117.621,2.09,2.09,3.61,1,2.1,52,46,5246,0.0
5490,3874,2015-09-02 11:06:00,54.46100000000001,-117.235,2.85,2.85,3.36,1,2.9,53,49,5349,0.0
5492,3878,2015-09-03 02:29:00,54.29600000000001,-117.629,2.09,2.09,3.12,1,2.1,52,46,5246,0.0
5493,3879,2015-09-03 04:12:00,54.31,-117.608,2.28,2.28,3.16,1,2.3,52,46,5246,0.0
5494,3884,2015-09-03 11:53:00,54.31800000000001,-117.589,2.76,2.76,2.87,1,2.8,52,46,5246,0.0
5495,3885,2015-09-03 17:33:00,54.453,-117.229,2.17,2.17,3.0,1,2.2,53,49,5349,0.0
5496,3889,2015-09-04 05:28:00,54.308,-117.62,2.31,2.31,3.57,1,2.3,52,46,5246,0.0
5497,3890,2015-09-04 06:51:00,54.456,-117.246,2.4,2.4,3.43,1,2.4,53,49,5349,0.0
5498,3891,2015-09-04 13:23:00,54.46,-117.242,3.26,3.04,8.5,1,3.0,53,49,5349,0.0
5499,3893,2015-09-04 20:33:00,54.291,-117.637,2.19,2.19,5.99,1,2.2,52,46,5246,0.0
5500,3894,2015-09-04 21:52:00,54.306,-117.566,2.07,2.07,3.49,1,2.1,52,46,5246,0.0
5501,3895,2015-09-05 12:16:00,54.462,-117.244,2.29,2.29,3.5,1,2.3,53,49,5349,0.0
5502,3896,2015-09-06 01:25:00,54.308,-117.602,2.47,2.47,3.19,1,2.5,52,46,5246,0.0
5503,3898,2015-09-06 03:34:00,54.319,-117.578,2.35,2.35,3.5,1,2.4,52,46,5246,0.0
5504,3900,2015-09-06 04:40:00,54.317,-117.581,2.29,2.29,2.43,1,2.3,52,46,5246,0.0
5505,3901,2015-09-06 18:46:00,54.31100000000001,-117.612,2.08,2.08,3.82,1,2.1,52,46,5246,0.0
5506,3902,2015-09-06 22:10:00,54.463,-117.243,2.71,2.71,3.5,1,2.7,53,49,5349,0.0
5507,3903,2015-09-07 02:49:00,54.316,-117.602,2.4,2.2,5.98,1,2.2,52,46,5246,0.0
5508,3904,2015-09-07 04:01:00,54.46100000000001,-117.234,2.1,2.1,3.5,1,2.1,53,49,5349,0.0
5509,3906,2015-09-07 17:57:00,54.31800000000001,-117.586,2.25,2.25,2.85,1,2.3,52,46,5246,0.0
5510,3909,2015-09-08 08:06:00,54.317,-117.613,2.3,2.3,3.5,1,2.3,52,46,5246,0.0
5511,3910,2015-09-08 08:27:00,54.324,-117.588,2.39,2.39,3.5,1,2.4,52,46,5246,0.0
5512,3911,2015-09-08 11:10:00,54.312,-117.587,2.09,2.09,3.76,1,2.1,52,46,5246,0.0
5513,3912,2015-09-08 19:17:00,54.322,-117.592,2.22,2.22,3.5,1,2.2,52,46,5246,0.0
5514,3913,2015-09-09 02:02:00,54.32,-117.585,2.59,2.59,5.74,1,2.6,52,46,5246,0.0
5515,3914,2015-09-09 06:11:00,54.31800000000001,-117.587,2.04,2.04,3.37,1,2.0,52,46,5246,0.0
5516,3915,2015-09-09 08:14:00,54.312,-117.613,2.35,2.35,5.7,1,2.4,52,46,5246,0.0
5517,3916,2015-09-09 09:22:00,54.471,-117.255,2.26,2.26,3.5,1,2.3,53,49,5349,0.0
5518,3917,2015-09-09 11:24:00,54.315,-117.619,2.03,2.03,3.37,1,2.0,52,46,5246,0.0
5519,3918,2015-09-09 12:13:00,54.31100000000001,-117.612,2.07,2.07,5.98,1,2.1,52,46,5246,0.0
5520,3919,2015-09-09 13:04:00,54.31,-117.592,2.11,2.11,6.04,1,2.1,52,46,5246,0.0
5521,3920,2015-09-09 13:11:00,54.303,-117.627,2.62,2.62,7.5,1,2.6,52,46,5246,0.0
5522,3922,2015-09-09 20:51:00,54.31100000000001,-117.609,2.34,2.34,3.47,1,2.3,52,46,5246,0.0
5523,3923,2015-09-09 23:33:00,54.313,-117.61,2.4,2.4,3.11,1,2.4,52,46,5246,0.0
5524,3924,2015-09-10 02:13:00,54.315,-117.603,2.37,2.37,3.23,1,2.4,52,46,5246,0.0
5525,3925,2015-09-10 05:34:00,54.3,-117.605,2.82,2.82,9.66,1,2.8,52,46,5246,0.0
5526,3926,2015-09-10 05:38:00,54.313,-117.612,2.7,2.7,3.33,1,2.7,52,46,5246,0.0
5527,3928,2015-09-10 13:27:00,54.317,-117.626,2.34,2.34,3.06,1,2.3,52,46,5246,0.0
5528,3929,2015-09-10 14:22:00,54.31399999999999,-117.594,2.43,2.35,3.36,1,2.4,52,46,5246,0.0
5529,3930,2015-09-10 20:30:00,54.31399999999999,-117.603,2.13,2.13,3.53,1,2.1,52,46,5246,0.0
5530,3931,2015-09-10 22:45:00,54.312,-117.583,2.11,2.11,2.46,1,2.1,52,46,5246,0.0
5531,3932,2015-09-10 23:15:00,54.31100000000001,-117.545,2.49,2.49,3.49,1,2.5,52,47,5247,0.0
5532,3933,2015-09-11 00:49:00,54.313,-117.569,2.18,2.18,3.54,1,2.2,52,46,5246,0.0
5533,3935,2015-09-11 02:12:00,54.309,-117.602,2.17,2.17,2.9,1,2.2,52,46,5246,0.0
5534,3936,2015-09-11 04:00:00,54.305,-117.571,2.2,2.2,3.25,1,2.2,52,46,5246,0.0
5535,3938,2015-09-11 06:01:00,54.316,-117.581,2.06,2.06,3.49,1,2.1,52,46,5246,0.0
5536,3939,2015-09-11 09:21:00,54.31399999999999,-117.617,2.03,2.03,2.93,1,2.0,52,46,5246,0.0
5537,3940,2015-09-11 12:04:00,54.31399999999999,-117.591,2.11,2.11,3.11,1,2.1,52,46,5246,0.0
5538,3941,2015-09-11 18:32:00,54.312,-117.587,2.21,2.21,3.62,1,2.2,52,46,5246,0.0
5539,3942,2015-09-12 00:17:00,54.287,-117.666,2.25,2.25,7.43,1,2.3,52,46,5246,0.0
5540,3943,2015-09-12 00:59:00,54.313,-117.634,2.17,2.17,3.63,1,2.2,52,46,5246,0.0
5541,3944,2015-09-12 04:29:00,54.312,-117.555,2.07,2.07,6.52,1,2.1,52,47,5247,0.0
5542,3945,2015-09-12 07:08:00,54.307,-117.601,2.13,2.13,3.33,1,2.1,52,46,5246,0.0
5543,3946,2015-09-12 08:45:00,54.32,-117.584,2.05,2.05,3.8,1,2.0,52,46,5246,0.0
5544,3948,2015-09-12 12:00:00,54.283,-117.66,2.16,2.16,7.0,1,2.2,51,46,5146,0.0
5545,3949,2015-09-12 18:57:00,54.262,-117.612,2.21,2.21,7.0,1,2.2,51,46,5146,0.0
5546,3950,2015-09-12 19:54:00,54.3,-117.564,2.21,2.21,7.01,1,2.2,52,46,5246,0.0
5547,3951,2015-09-13 06:09:00,54.315,-117.571,2.07,2.07,3.49,1,2.1,52,46,5246,0.0
5548,3952,2015-09-13 08:39:00,54.301,-117.576,2.82,2.82,7.0,1,2.8,52,46,5246,0.0
5549,3955,2015-09-13 19:02:00,54.273,-117.552,2.32,2.32,8.36,1,2.3,51,47,5147,0.0
5550,3956,2015-09-13 21:23:00,54.284,-117.672,2.5,2.5,11.3,1,2.5,51,46,5146,0.0
5551,3957,2015-09-14 06:00:00,54.257,-117.587,2.34,2.27,12.11,1,2.3,51,46,5146,0.0
5552,3958,2015-09-14 09:50:00,54.305,-117.647,2.02,2.02,3.15,1,2.0,52,46,5246,0.0
5553,3959,2015-09-14 11:39:00,54.286,-117.622,2.02,2.02,6.57,1,2.0,52,46,5246,0.0
5554,3960,2015-09-14 12:24:00,54.31800000000001,-117.569,2.27,2.27,9.96,1,2.3,52,46,5246,0.0
5555,3962,2015-09-14 17:47:00,54.246,-117.726,2.18,2.18,8.97,1,2.2,51,45,5145,0.0
5556,3964,2015-09-14 20:41:00,54.337,-117.606,2.39,2.39,3.81,1,2.4,52,46,5246,0.0
5557,3965,2015-09-14 20:58:00,54.323,-117.587,2.22,2.22,3.49,1,2.2,52,46,5246,0.0
5558,3966,2015-09-14 23:30:00,54.343,-117.588,2.12,2.12,3.5,1,2.1,52,46,5246,0.0
5559,3968,2015-09-15 07:35:00,54.308,-117.638,2.05,2.05,2.95,1,2.0,52,46,5246,0.0
5560,3970,2015-09-15 10:59:00,54.302,-117.562,2.47,2.47,2.93,1,2.5,52,46,5246,0.0
5562,3978,2015-09-16 05:06:00,54.322,-117.661,1.0,1.0,3.47,1,1.0,52,46,5246,0.0
5563,3979,2015-09-16 12:20:00,54.34,-117.606,1.8,1.8,3.04,1,1.8,52,46,5246,0.0
5564,3980,2015-09-16 12:42:00,54.295,-117.658,1.1,1.1,3.66,1,1.1,52,46,5246,0.0
5565,3985,2015-09-17 12:06:00,54.31399999999999,-117.594,2.1,2.1,2.93,1,2.1,52,46,5246,0.0
5566,3989,2015-09-18 02:13:00,54.317,-117.593,2.09,2.09,3.49,1,2.1,52,46,5246,0.0
5567,3991,2015-09-19 10:32:00,54.31399999999999,-117.572,2.11,2.11,3.49,1,2.1,52,46,5246,0.0
5568,3992,2015-09-20 03:03:00,54.46100000000001,-117.229,2.28,2.28,3.82,1,2.3,53,49,5349,0.0
5569,3993,2015-09-20 03:37:00,54.316,-117.629,2.08,2.08,3.29,1,2.1,52,46,5246,0.0
5570,3994,2015-09-20 13:01:00,54.33,-117.582,2.16,2.16,3.7,1,2.2,52,46,5246,0.0
5571,3996,2015-09-20 17:02:00,54.462,-117.215,2.17,2.17,2.41,1,2.2,53,49,5349,0.0
5572,3998,2015-09-22 09:47:00,54.31800000000001,-117.635,2.19,2.19,3.15,1,2.2,52,46,5246,0.0
5573,3999,2015-09-22 13:09:00,54.316,-117.63,2.48,2.48,3.7,1,2.5,52,46,5246,0.0
5574,4006,2015-09-24 05:19:00,54.462,-117.223,2.88,2.88,4.13,1,2.9,53,49,5349,0.0
5575,4016,2015-09-25 00:58:00,54.313,-117.631,2.41,2.41,8.0,1,2.4,52,46,5246,0.0
5576,4043,2015-10-01 13:45:00,54.331,-117.615,2.53,2.53,7.83,1,2.5,52,46,5246,0.0
5577,4062,2015-10-05 15:20:00,54.50899999999999,-117.289,2.68,2.68,3.97,1,2.7,53,48,5348,0.0
5579,4072,2015-10-11 08:06:00,54.344,-117.486,2.34,2.34,3.49,1,2.3,52,47,5247,0.0
5581,4081,2015-10-15 22:40:00,54.33600000000001,-117.565,2.48,2.48,3.3,1,2.5,52,46,5246,0.0
5582,4085,2015-10-19 00:10:00,54.337,-117.647,2.15,2.15,3.5,1,2.1,52,46,5246,0.0
5584,4094,2015-10-24 23:26:00,54.34,-117.608,2.44,2.44,3.49,1,2.4,52,46,5246,0.0
5586,4119,2015-11-07 11:09:00,54.328,-117.595,2.49,2.49,3.88,1,2.5,52,46,5246,0.0
5594,4172,2015-12-02 09:11:00,54.50899999999999,-117.297,2.22,2.22,3.08,1,2.2,53,48,5348,0.0
5596,4181,2015-12-07 07:35:00,54.31800000000001,-117.556,2.21,2.21,2.35,1,2.2,52,47,5247,0.0
5600,4204,2015-12-23 13:01:00,54.297,-117.071,2.3,2.3,6.96,1,2.3,52,50,5250,0.0
5602,4206,2015-12-23 22:45:00,54.282,-117.013,2.37,2.37,2.01,1,2.4,51,51,5151,0.0
5605,4238,2016-01-09 06:05:00,54.422,-117.31,2.11,2.11,7.0,1,2.1,53,48,5348,0.0
5606,4239,2016-01-09 08:56:00,54.352,-117.275,2.03,2.03,7.01,1,2.0,52,49,5249,0.0
5607,4240,2016-01-09 09:00:00,54.419,-117.301,2.12,2.12,7.0,1,2.1,53,48,5348,0.0
5608,4242,2016-01-09 12:52:00,54.423,-117.29,2.04,2.04,7.0,1,2.0,53,48,5348,0.0
5609,4243,2016-01-09 15:10:00,54.419,-117.341,2.08,2.08,7.02,1,2.1,53,48,5348,0.0
5610,4244,2016-01-09 18:01:00,54.41,-117.317,2.58,2.58,3.97,1,2.6,53,48,5348,0.0
5611,4247,2016-01-10 03:33:00,54.414,-117.348,2.31,2.31,3.47,1,2.3,53,48,5348,0.0
5612,4248,2016-01-10 13:27:00,54.401,-117.296,2.73,2.73,5.83,1,2.7,52,48,5248,0.0
5613,4250,2016-01-10 22:00:00,54.423,-117.265,2.46,2.46,7.0,1,2.5,53,49,5349,0.0
5614,4252,2016-01-11 01:38:00,54.392,-117.272,2.46,2.46,3.49,1,2.5,52,49,5249,0.0
5616,4255,2016-01-12 04:24:00,54.412,-117.368,2.38,2.38,4.3,1,2.4,53,48,5348,0.0
5617,4256,2016-01-12 14:13:00,54.416,-117.299,2.61,2.61,3.46,1,2.6,53,48,5348,0.0
5618,4257,2016-01-12 18:27:00,54.411,-117.287,4.2,4.1,1.02,1,4.1,53,49,5349,0.0
5620,4266,2016-01-20 02:37:00,54.407,-117.305,2.35,2.35,3.5,1,2.4,53,48,5348,0.0
5621,4270,2016-01-24 04:53:00,54.415,-117.306,2.59,2.59,7.27,1,2.6,53,48,5348,0.0
5622,4273,2016-01-27 22:19:00,54.465,-117.241,2.46,2.46,3.5,1,2.5,53,49,5349,0.0
5624,4278,2016-01-30 17:18:00,54.42,-117.296,2.54,2.54,3.0,1,2.5,53,48,5348,0.0
5625,4280,2016-01-31 10:30:00,54.419,-117.301,2.3,2.3,3.45,1,2.3,53,48,5348,0.0
5626,4283,2016-02-02 10:35:00,54.41,-117.293,2.32,2.32,3.5,1,2.3,53,48,5348,0.0
5629,4327,2016-02-20 01:53:00,54.432,-117.347,2.11,2.11,6.96,1,2.1,53,48,5348,0.0
5632,4349,2016-02-27 04:17:00,54.422,-117.31,2.1,2.1,3.5,1,2.1,53,48,5348,0.0
5633,4351,2016-02-27 15:26:00,54.441,-117.391,2.1,2.1,6.66,1,2.1,53,48,5348,0.0
5634,4352,2016-02-28 20:57:00,54.422,-117.319,2.64,2.4,3.0,1,2.4,53,48,5348,0.0
5635,4364,2016-03-04 05:01:00,54.419,-117.291,2.37,2.37,3.5,1,2.4,53,48,5348,0.0
5636,4365,2016-03-04 13:09:00,54.43,-117.36,2.11,2.11,6.84,1,2.1,53,48,5348,0.0
5637,4369,2016-03-06 21:54:00,54.417,-117.306,2.19,2.19,3.5,1,2.2,53,48,5348,0.0
5638,4373,2016-03-07 23:16:00,54.42100000000001,-117.303,2.26,2.26,3.5,1,2.3,53,48,5348,0.0
5639,4375,2016-03-08 05:24:00,54.334,-117.55,2.15,2.15,3.5,1,2.1,52,47,5247,0.0
5640,4378,2016-03-08 08:39:00,54.427,-117.323,2.18,2.18,3.47,1,2.2,53,48,5348,0.0
5643,4414,2016-03-19 16:40:00,54.418,-117.308,2.51,2.51,3.36,1,2.5,53,48,5348,0.0
5644,4417,2016-03-21 11:45:00,54.426,-117.313,2.05,2.05,3.5,1,2.0,53,48,5348,0.0
5645,4419,2016-03-22 02:58:00,54.42100000000001,-117.31,2.04,2.04,3.5,1,2.0,53,48,5348,0.0
5646,4423,2016-03-26 13:09:00,54.426,-117.317,2.07,2.07,3.5,1,2.1,53,48,5348,0.0
5647,4424,2016-03-27 06:53:00,54.32100000000001,-117.583,2.6,2.45,3.69,1,2.5,52,46,5246,0.0
5648,4432,2016-03-30 21:15:00,54.422,-117.319,2.59,2.59,3.5,1,2.6,53,48,5348,0.0
5649,4450,2016-04-09 16:27:00,54.414,-117.316,2.23,2.23,6.97,1,2.2,53,48,5348,0.0
5650,4453,2016-04-10 13:36:00,54.415,-117.312,2.7,2.66,8.3,1,2.7,53,48,5348,0.0
5651,4454,2016-04-10 18:33:00,54.407,-117.333,2.14,2.14,6.92,1,2.1,53,48,5348,0.0
5652,4462,2016-04-17 02:48:00,54.417,-117.305,3.0,2.38,3.34,1,2.4,53,48,5348,0.0
5653,4476,2016-04-23 11:03:00,54.417,-117.293,3.2,2.95,9.72,1,3.0,53,48,5348,0.0
5655,4489,2016-04-30 23:12:00,54.383,-117.291,2.1,2.1,6.9,1,2.1,52,48,5248,0.0
5656,4494,2016-05-03 02:59:00,54.435,-117.392,2.07,2.07,4.54,1,2.1,53,48,5348,0.0
5660,4505,2016-05-12 01:49:00,54.415,-117.378,2.43,2.43,6.72,1,2.4,53,48,5348,0.0
5662,4507,2016-05-14 02:42:00,54.46100000000001,-117.415,2.41,2.41,6.98,1,2.4,53,48,5348,0.0
5664,4513,2016-05-17 03:45:00,54.419,-117.309,2.49,2.49,3.5,1,2.5,53,48,5348,0.0
5667,4529,2016-05-25 09:20:00,54.413,-117.342,2.09,2.09,3.49,1,2.1,53,48,5348,0.0
5668,4530,2016-05-25 09:31:00,54.423,-117.321,2.06,2.06,3.49,1,2.1,53,48,5348,0.0
5673,4547,2016-06-03 20:26:00,54.411,-117.319,2.41,2.41,6.81,1,2.4,53,48,5348,0.0
5674,4552,2016-06-05 16:04:00,54.363,-117.533,1.99,1.99,3.5,1,2.0,52,47,5247,0.0
5675,4562,2016-06-09 11:55:00,54.416,-117.316,2.45,2.45,3.5,1,2.5,53,48,5348,0.0
5676,4567,2016-06-10 06:16:00,54.431,-117.361,1.95,1.95,6.85,1,2.0,53,48,5348,0.0
5677,4569,2016-06-11 06:38:00,54.4,-117.734,2.07,2.07,6.96,1,2.1,52,45,5245,0.0
5679,4574,2016-06-13 18:06:00,54.4,-117.371,2.19,2.19,6.7,1,2.2,52,48,5248,0.0
5680,4578,2016-06-15 06:01:00,54.427,-117.339,2.05,2.05,7.01,1,2.0,53,48,5348,0.0
5681,4589,2016-06-19 12:40:00,54.422,-117.31,2.2,2.2,7.01,1,2.2,53,48,5348,0.0
5682,4591,2016-06-21 01:47:00,54.426,-117.383,2.07,2.07,7.36,1,2.1,53,48,5348,0.0
5683,4592,2016-06-21 14:18:00,54.434,-117.353,2.46,2.46,3.47,1,2.5,53,48,5348,0.0
5684,4594,2016-06-23 04:29:00,54.40600000000001,-117.314,2.0,2.0,4.4,2,1.9,52,48,5248,0.0
5686,4602,2016-06-28 00:50:00,54.418,-117.319,2.59,2.59,3.5,1,2.6,53,48,5348,0.0
5687,4603,2016-06-28 08:22:00,54.417,-117.316,2.47,2.47,3.5,1,2.5,53,48,5348,0.0
5692,4652,2016-07-19 17:06:00,54.392,-117.294,2.2,2.2,6.85,1,2.2,52,48,5248,0.0
5693,4670,2016-07-26 11:06:00,54.431,-117.372,1.98,1.98,7.3,1,2.0,53,48,5348,0.0
5694,4674,2016-07-28 22:24:00,54.29600000000001,-116.923,2.2,2.2,6.98,1,2.2,52,51,5251,0.0
5696,4685,2016-08-11 08:58:00,54.423,-117.299,2.53,2.53,3.5,1,2.5,53,48,5348,0.0
5698,4688,2016-08-13 09:18:00,54.438,-117.423,0.9,0.9,3.35,1,0.9,53,48,5348,0.0
5699,4693,2016-08-20 21:01:00,54.411,-117.344,2.64,2.64,4.13,1,2.6,53,48,5348,0.0
5701,4713,2016-09-09 22:00:00,54.369,-117.527,2.18,2.18,3.44,1,2.2,52,47,5247,0.0
5703,4726,2016-09-16 03:27:00,54.429,-117.394,2.34,2.34,6.78,1,2.3,53,48,5348,0.0
5704,4727,2016-09-17 09:11:00,54.43,-117.38,2.07,2.07,6.78,1,2.1,53,48,5348,0.0
5705,4728,2016-09-17 14:42:00,54.42,-117.313,2.4,2.37,3.5,1,2.4,53,48,5348,0.0
5706,4729,2016-09-18 03:56:00,54.432,-117.375,2.13,2.13,6.81,1,2.1,53,48,5348,0.0
5708,4737,2016-09-22 14:50:00,54.422,-117.305,2.88,2.88,1.91,1,2.9,53,48,5348,0.0
5712,4751,2016-10-01 18:53:00,54.423,-117.576,2.07,2.07,6.29,1,2.1,53,46,5346,0.0
5718,4791,2016-10-24 06:49:00,54.422,-117.315,2.06,2.06,3.49,1,2.1,53,48,5348,0.0
5722,4818,2016-11-10 03:05:00,54.339,-117.257,3.1,3.1,8.12,1,3.1,52,49,5249,0.0
5723,4821,2016-11-10 09:55:00,54.347,-117.255,2.8,2.8,3.5,1,2.8,52,49,5249,0.0
5725,4823,2016-11-11 02:33:00,54.348,-117.242,2.6,2.6,3.5,1,2.6,52,49,5249,0.0
5726,4824,2016-11-11 11:24:00,54.343,-117.258,2.8,2.8,3.5,1,2.8,52,49,5249,0.0
5727,4828,2016-11-15 13:28:00,54.351000000000006,-117.248,1.59,1.59,3.5,1,1.6,52,49,5249,0.0
5729,4833,2016-11-21 21:39:00,54.349,-117.308,1.84,1.84,6.63,1,1.8,52,48,5248,0.0
5730,4834,2016-11-22 10:04:00,54.364,-117.278,2.1,2.1,6.92,1,2.1,52,49,5249,0.0
5731,4835,2016-11-22 11:21:00,54.361,-117.276,1.5,1.5,6.73,1,1.5,52,49,5249,0.0
5732,4838,2016-11-22 13:18:00,54.361,-117.283,1.68,1.68,6.72,1,1.7,52,49,5249,0.0
5733,4839,2016-11-22 18:18:00,54.36,-117.286,2.6,2.6,6.57,1,2.6,52,49,5249,0.0
5734,4845,2016-11-25 05:31:00,54.357,-117.239,3.5,3.4,7.01,1,3.4,52,49,5249,0.0
5735,4846,2016-11-25 21:24:00,54.352,-117.244,3.5,3.5,3.21,1,3.5,52,49,5249,0.0
5736,4847,2016-11-27 14:52:00,54.352,-117.255,2.8,2.8,3.5,1,2.8,52,49,5249,0.0
5737,4848,2016-11-28 06:53:00,54.353,-117.269,3.0,3.0,3.5,1,3.0,52,49,5249,0.0
5738,4849,2016-11-28 15:35:00,54.355,-117.261,1.86,1.86,3.5,1,1.9,52,49,5249,0.0
5739,4850,2016-11-29 04:12:00,54.355,-117.241,3.0,3.0,3.5,1,3.0,52,49,5249,0.0
5740,4853,2016-11-29 10:15:00,54.341,-117.262,3.7,3.6,1.81,1,3.6,52,49,5249,0.0
5741,4855,2016-12-01 01:30:00,54.342,-117.263,2.7,2.7,3.5,1,2.7,52,49,5249,0.0
5742,4857,2016-12-01 20:25:00,54.342,-117.238,2.9,2.9,4.5,2,2.8,52,49,5249,0.0
5743,4858,2016-12-02 07:48:00,54.353,-117.289,1.61,1.61,6.62,1,1.6,52,48,5248,0.0
5744,4861,2016-12-03 12:48:00,54.349,-117.285,2.7,2.7,3.42,1,2.7,52,49,5249,0.0
5745,4862,2016-12-05 14:27:00,54.342,-117.236,3.3,3.3,2.31,1,3.3,52,49,5249,0.0
5746,4863,2016-12-06 01:05:00,54.345,-117.242,3.3,3.3,3.5,1,3.3,52,49,5249,0.0
5747,4865,2016-12-07 10:11:00,54.334,-117.248,3.4,3.3,1.4,1,3.3,52,49,5249,0.0
5750,4882,2016-12-20 17:02:00,54.342,-117.264,2.05,2.05,3.5,1,2.1,52,49,5249,0.0
5752,4897,2017-01-07 08:46:00,54.332,-117.841,2.6,2.6,7.03,1,2.6,52,44,5244,0.0
5753,4900,2017-01-08 19:31:00,54.312,-117.579,1.76,1.76,3.66,1,1.8,52,46,5246,0.0
5754,4902,2017-01-09 05:31:00,54.357,-117.768,2.9,2.9,6.99,1,2.9,52,45,5245,0.0
5755,4904,2017-01-09 06:11:00,54.342,-117.666,1.91,1.91,6.99,1,1.9,52,46,5246,0.0
5756,4909,2017-01-10 13:31:00,54.323,-117.758,2.7,2.7,6.98,1,2.7,52,45,5245,0.0
5757,4913,2017-01-11 04:37:00,54.246,-117.591,2.18,2.18,12.32,1,2.2,51,46,5146,0.0
5758,4914,2017-01-11 07:16:00,54.274,-117.621,1.86,1.86,9.26,1,1.9,51,46,5146,0.0
5759,4916,2017-01-11 14:25:00,54.272,-117.586,2.21,2.21,7.18,1,2.2,51,46,5146,0.0
5760,4917,2017-01-11 18:33:00,54.277,-117.614,2.24,2.24,8.48,1,2.2,51,46,5146,0.0
5761,4918,2017-01-12 02:13:00,54.26300000000001,-117.617,2.03,2.03,11.92,1,2.0,51,46,5146,0.0
5762,4924,2017-01-12 12:56:00,54.286,-117.653,2.9,2.9,3.82,1,2.9,52,46,5246,0.0
5763,4929,2017-01-13 01:07:00,54.262,-117.589,2.57,2.57,11.25,1,2.6,51,46,5146,0.0
5764,4930,2017-01-13 01:43:00,54.26300000000001,-117.194,1.46,1.46,3.44,1,1.5,51,49,5149,0.0
5766,4934,2017-01-13 22:47:00,54.352,-117.237,2.3,2.3,3.5,1,2.3,52,49,5249,0.0
5767,4935,2017-01-14 07:47:00,54.265,-117.615,2.6,2.6,9.11,1,2.6,51,46,5146,0.0
5768,4942,2017-01-16 11:07:00,54.308,-117.602,2.1,2.0,3.52,1,2.0,52,46,5246,0.0
5769,4944,2017-01-16 18:23:00,54.31,-117.594,3.0,3.0,3.5,1,3.0,52,46,5246,0.0
5771,4946,2017-01-16 22:07:00,54.323,-117.723,2.7,2.7,7.0,1,2.7,52,45,5245,0.0
5772,4948,2017-01-17 05:53:00,54.313,-117.526,2.4,2.2,3.5,1,2.2,52,47,5247,0.0
5773,4950,2017-01-17 08:22:00,54.309,-117.638,2.8,2.8,3.5,1,2.8,52,46,5246,0.0
5774,4954,2017-01-18 05:16:00,54.31399999999999,-117.606,2.8,2.8,3.5,1,2.8,52,46,5246,0.0
5775,4955,2017-01-18 10:19:00,54.312,-117.609,2.8,2.8,3.13,1,2.8,52,46,5246,0.0
5776,4958,2017-01-20 07:40:00,54.31800000000001,-117.618,2.9,2.9,3.38,1,2.9,52,46,5246,0.0
5777,4960,2017-01-20 14:28:00,54.319,-117.896,2.9,2.9,7.03,1,2.9,52,44,5244,0.0
5778,4961,2017-01-20 14:28:00,54.324,-117.511,2.5,2.5,4.7,2,2.4,52,47,5247,0.0
5779,4962,2017-01-21 08:15:00,54.303,-117.592,1.93,1.93,6.94,1,1.9,52,46,5246,0.0
5780,4963,2017-01-21 18:44:00,54.308,-117.597,1.8,1.8,2.17,1,1.8,52,46,5246,0.0
5781,4965,2017-01-22 09:38:00,54.317,-117.581,1.51,1.51,3.5,1,1.5,52,46,5246,0.0
5783,4972,2017-01-24 08:28:00,54.31100000000001,-117.658,1.97,1.97,6.98,1,2.0,52,46,5246,0.0
5784,4978,2017-01-26 20:27:00,54.317,-117.545,2.7,2.7,6.88,1,2.7,52,47,5247,0.0
5785,4993,2017-02-05 12:54:00,54.31800000000001,-117.625,2.2,2.2,3.2,2,2.1,52,46,5246,0.0
5789,5018,2017-02-24 11:26:00,54.29,-117.611,1.39,1.39,3.23,1,1.4,52,46,5246,0.0
5790,5022,2017-02-25 19:49:00,54.312,-117.679,1.73,1.73,3.53,1,1.7,52,46,5246,0.0
5793,5041,2017-03-13 13:34:00,54.383,-117.604,2.6,2.6,6.84,1,2.6,52,46,5246,0.0
5794,5042,2017-03-15 06:08:00,54.332,-117.591,1.79,1.79,2.42,1,1.8,52,46,5246,0.0
5797,5052,2017-03-20 06:35:00,54.31100000000001,-117.704,1.85,1.85,7.0,1,1.9,52,45,5245,0.0
5798,5058,2017-03-24 14:09:00,54.475,-117.624,2.7,2.7,7.0,1,2.7,53,46,5346,0.0
5799,5066,2017-03-27 05:05:00,54.34,-117.474,2.6,2.6,3.71,1,2.6,52,47,5247,0.0
5800,5069,2017-03-29 19:49:00,54.324,-117.514,1.61,1.61,6.47,1,1.6,52,47,5247,0.0
5802,5071,2017-03-31 07:03:00,54.32,-117.611,1.8,1.8,1.9,2,1.7,52,46,5246,0.0
5804,5096,2017-04-08 07:41:00,54.216,-117.749,2.48,2.48,7.02,1,2.5,51,45,5145,0.0
5806,5116,2017-04-17 10:58:00,54.431,-117.312,1.49,1.49,3.5,1,1.5,53,48,5348,0.0
5810,5170,2017-05-18 11:19:00,54.155,-117.672,2.27,2.27,10.58,1,2.3,50,46,5046,0.0
5819,5220,2017-06-12 05:06:00,54.495,-117.255,1.7,1.7,1.3,2,1.6,53,49,5349,0.0
5820,5236,2017-06-21 12:04:00,54.432,-117.461,2.43,2.43,9.67,1,2.4,53,47,5347,0.0
5821,5238,2017-06-23 05:25:00,54.434,-117.474,2.1,2.1,2.55,1,2.1,53,47,5347,0.0
5822,5239,2017-06-23 05:53:00,54.435,-117.43,2.2,2.2,3.35,1,2.2,53,47,5347,0.0
5823,5240,2017-06-23 06:13:00,54.425,-117.435,1.97,1.97,3.5,1,2.0,53,47,5347,0.0
5824,5241,2017-06-23 23:17:00,54.42100000000001,-117.458,2.46,2.46,4.93,1,2.5,53,47,5347,0.0
5825,5242,2017-06-24 06:27:00,54.432,-117.54,1.91,1.91,6.59,1,1.9,53,47,5347,0.0
5826,5243,2017-06-24 13:56:00,54.335,-117.553,1.88,1.88,3.51,1,1.9,52,47,5247,0.0
5827,5244,2017-06-24 20:35:00,54.425,-117.434,2.66,2.66,3.22,1,2.7,53,47,5347,0.0
5828,5245,2017-06-24 20:50:00,54.326,-117.566,2.04,2.04,3.5,1,2.0,52,46,5246,0.0
5829,5246,2017-06-25 07:22:00,54.433,-117.524,1.86,1.86,6.87,1,1.9,53,47,5347,0.0
5830,5247,2017-06-25 22:56:00,54.423,-117.424,3.6,3.28,3.4,1,3.3,53,48,5348,0.0
5831,5248,2017-06-26 15:54:00,54.434,-117.525,2.16,2.16,3.4,1,2.2,53,47,5347,0.0
5832,5250,2017-06-28 04:19:00,54.423,-117.425,2.47,2.47,3.97,1,2.5,53,47,5347,0.0
5833,5251,2017-06-28 19:00:00,54.424,-117.43,3.2,3.05,6.38,1,3.1,53,47,5347,0.0
5835,5253,2017-06-29 23:01:00,54.44,-117.424,2.07,2.07,6.96,1,2.1,53,48,5348,0.0
5836,5255,2017-06-30 15:11:00,54.434,-117.397,1.98,1.98,7.0,1,2.0,53,48,5348,0.0
5837,5257,2017-07-01 11:19:00,54.425,-117.552,1.95,1.95,6.44,1,2.0,53,47,5347,0.0
5838,5262,2017-07-02 10:37:00,54.412,-117.513,1.91,1.91,4.9,1,1.9,53,47,5347,0.0
5840,5266,2017-07-04 03:16:00,54.414,-117.43,2.57,2.57,4.54,1,2.6,53,47,5347,0.0
5841,5268,2017-07-05 05:12:00,54.419,-117.43,2.74,2.74,3.8,1,2.7,53,47,5347,0.0
5842,5269,2017-07-05 08:47:00,54.427,-117.528,1.84,1.84,6.54,1,1.8,53,47,5347,0.0
5843,5270,2017-07-05 09:09:00,54.423,-117.428,2.5,2.5,3.5,1,2.5,53,47,5347,0.0
5844,5271,2017-07-05 11:16:00,54.429,-117.402,2.09,2.09,6.94,1,2.1,53,48,5348,0.0
5845,5272,2017-07-05 12:33:00,54.426,-117.568,1.98,1.98,6.42,1,2.0,53,46,5346,0.0
5846,5275,2017-07-06 01:27:00,54.416,-117.45,1.9,1.9,3.5,1,1.9,53,47,5347,0.0
5847,5276,2017-07-06 02:22:00,54.28100000000001,-117.074,2.21,2.21,6.42,1,2.2,51,50,5150,0.0
5848,5277,2017-07-06 02:48:00,54.416,-117.416,2.08,2.08,6.97,1,2.1,53,48,5348,0.0
5849,5278,2017-07-06 04:51:00,54.298,-117.099,1.98,1.98,6.97,1,2.0,52,50,5250,0.0
5850,5279,2017-07-06 09:29:00,54.417,-117.446,2.46,2.46,2.96,1,2.5,53,47,5347,0.0
5851,5287,2017-07-07 13:20:00,54.415,-117.437,2.58,2.58,7.07,1,2.6,53,47,5347,0.0
5852,5291,2017-07-09 08:31:00,54.386,-117.761,1.79,1.79,6.87,1,1.8,52,45,5245,0.0
5853,5295,2017-07-10 01:14:00,54.422,-117.427,2.43,2.43,3.51,1,2.4,53,47,5347,0.0
5854,5298,2017-07-10 19:35:00,54.42100000000001,-117.439,2.4,2.4,3.5,1,2.4,53,47,5347,0.0
5855,5301,2017-07-11 06:22:00,54.42100000000001,-117.433,1.93,1.93,5.8,1,1.9,53,47,5347,0.0
5856,5306,2017-07-12 05:04:00,54.349,-117.544,1.94,1.94,3.5,1,1.9,52,47,5247,0.0
5857,5307,2017-07-14 01:30:00,54.417,-117.431,1.96,1.96,11.1,1,2.0,53,47,5347,0.0
5858,5311,2017-07-15 03:05:00,54.39100000000001,-117.417,2.68,2.68,2.21,1,2.7,52,48,5248,0.0
5859,5316,2017-07-16 01:47:00,54.41,-117.383,2.07,2.07,3.5,1,2.1,53,48,5348,0.0
5860,5317,2017-07-16 13:10:00,54.425,-117.48,2.77,2.77,7.03,1,2.8,53,47,5347,0.0
5861,5320,2017-07-17 00:11:00,54.401,-117.444,2.56,2.56,3.48,1,2.6,52,47,5247,0.0
5862,5321,2017-07-17 08:32:00,54.279,-117.796,2.03,2.03,5.06,1,2.0,51,45,5145,0.0
5863,5326,2017-07-18 16:09:00,54.352,-117.594,1.87,1.87,3.5,1,1.9,52,46,5246,0.0
5864,5331,2017-07-21 05:13:00,54.408,-117.414,1.99,1.99,4.32,1,2.0,53,48,5348,0.0
5865,5332,2017-07-21 07:08:00,54.438,-117.437,2.11,2.11,4.93,1,2.1,53,47,5347,0.0
5866,5335,2017-07-22 15:29:00,54.381,-117.747,2.33,2.33,2.94,1,2.3,52,45,5245,0.0
5867,5338,2017-07-22 22:12:00,54.37600000000001,-117.827,2.1,2.1,5.23,1,2.1,52,45,5245,0.0
5868,5339,2017-07-22 23:27:00,54.31399999999999,-117.426,2.5,2.5,3.5,1,2.5,52,47,5247,0.0
5869,5341,2017-07-23 01:33:00,54.371,-117.711,2.16,2.16,7.8,1,2.2,52,45,5245,0.0
5870,5343,2017-07-23 04:59:00,54.383,-117.564,2.44,2.44,1.6,1,2.4,52,46,5246,0.0
5871,5345,2017-07-24 03:44:00,54.375,-117.562,2.29,2.29,3.5,1,2.3,52,46,5246,0.0
5872,5346,2017-07-24 07:32:00,54.415,-117.399,2.33,2.33,3.5,1,2.3,53,48,5348,0.0
5873,5347,2017-07-24 12:03:00,54.407,-117.415,2.36,2.36,3.51,1,2.4,53,48,5348,0.0
5874,5349,2017-07-24 21:01:00,54.409,-117.364,2.4,2.4,3.5,1,2.4,53,48,5348,0.0
5875,5350,2017-07-25 09:43:00,54.42100000000001,-117.448,2.48,2.48,3.5,1,2.5,53,47,5347,0.0
5876,5352,2017-07-25 20:41:00,54.413,-117.396,2.07,2.07,3.5,1,2.1,53,48,5348,0.0
5877,5354,2017-07-26 05:24:00,54.427,-117.353,2.04,2.04,1.23,1,2.0,53,48,5348,0.0
5880,5357,2017-07-27 07:34:00,54.404,-117.409,1.81,1.81,3.49,1,1.8,52,48,5248,0.0
5881,5358,2017-07-27 09:31:00,54.299,-117.09,1.78,1.78,6.97,1,1.8,52,50,5250,0.0
5882,5360,2017-07-27 19:43:00,54.399,-117.398,1.99,1.99,3.49,1,2.0,52,48,5248,0.0
5883,5364,2017-07-29 00:49:00,54.358,-117.605,1.89,1.89,2.24,1,1.9,52,46,5246,0.0
5884,5365,2017-07-29 09:49:00,54.423,-117.441,2.21,2.21,3.5,1,2.2,53,47,5347,0.0
5886,5368,2017-07-30 05:11:00,54.416,-117.362,2.08,2.08,6.61,1,2.1,53,48,5348,0.0
5887,5369,2017-07-30 14:49:00,54.416,-117.542,1.93,1.93,3.47,1,1.9,53,47,5347,0.0
5888,5372,2017-07-31 07:34:00,54.429,-117.539,2.0,2.0,9.86,1,2.0,53,47,5347,0.0
5890,5376,2017-08-02 05:40:00,54.426,-117.451,1.89,1.89,3.5,1,1.9,53,47,5347,0.0
5891,5379,2017-08-03 00:57:00,54.43,-117.42,2.88,2.88,6.53,1,2.9,53,48,5348,0.0
5892,5380,2017-08-03 03:49:00,54.423,-117.408,2.2,2.2,6.97,1,2.2,53,48,5348,0.0
5893,5382,2017-08-04 23:10:00,54.423,-117.422,2.25,2.25,4.35,1,2.3,53,48,5348,0.0
5894,5383,2017-08-04 23:10:00,54.524,-117.427,2.0,2.0,5.9,2,1.9,53,47,5347,0.0
5895,5384,2017-08-05 15:48:00,54.426,-117.414,2.22,2.22,3.5,1,2.2,53,48,5348,0.0
5913,5483,2017-10-09 07:40:00,54.33,-117.465,2.15,2.15,3.5,1,2.2,52,47,5247,0.0
5925,5573,2017-12-08 21:40:00,54.313,-117.63,2.66,2.66,3.5,1,2.7,52,46,5246,0.0
5926,5575,2017-12-09 13:52:00,54.492,-117.584,2.13,2.13,7.0,1,2.1,53,46,5346,0.0
5927,5577,2017-12-09 16:42:00,54.473,-117.593,2.77,2.77,3.5,1,2.8,53,46,5346,0.0
5928,5578,2017-12-09 18:36:00,54.463,-117.593,2.62,2.62,3.49,1,2.6,53,46,5346,0.0
5929,5581,2017-12-10 21:11:00,54.449,-117.635,2.43,2.43,6.83,1,2.4,53,46,5346,0.0
5930,5586,2017-12-11 23:14:00,54.469,-117.576,2.35,2.35,3.5,1,2.4,53,46,5346,0.0
5931,5587,2017-12-12 00:31:00,54.458,-117.538,2.7,2.7,10.52,1,2.7,53,47,5347,0.0
5932,5588,2017-12-12 03:47:00,54.471,-117.581,2.6,2.6,3.5,1,2.6,53,46,5346,0.0
5933,5590,2017-12-12 20:37:00,54.486,-117.709,2.23,2.23,6.85,1,2.2,53,45,5345,0.0
5934,5591,2017-12-13 09:23:00,54.494,-117.49,1.8,1.8,7.05,1,1.8,53,47,5347,0.0
5935,5593,2017-12-14 03:05:00,54.483,-117.569,1.98,1.98,3.5,1,2.0,53,46,5346,0.0
5936,5594,2017-12-14 10:46:00,54.485,-117.553,2.1,2.02,6.96,1,2.0,53,47,5347,0.0
5937,5595,2017-12-14 12:39:00,54.478,-117.562,2.03,2.03,3.5,1,2.0,53,46,5346,0.0
5938,5596,2017-12-14 20:33:00,54.483,-117.573,1.9,1.9,3.51,1,1.9,53,46,5346,0.0
5939,5597,2017-12-14 22:24:00,54.488,-117.564,1.99,1.99,6.96,1,2.0,53,46,5346,0.0
5940,5599,2017-12-15 15:52:00,54.487,-117.536,2.1,2.1,7.02,1,2.1,53,47,5347,0.0
5941,5603,2017-12-16 04:25:00,54.459,-117.582,2.25,2.25,3.49,1,2.3,53,46,5346,0.0
5943,5606,2017-12-16 22:58:00,54.44,-117.613,2.1,2.1,7.01,1,2.1,53,46,5346,0.0
5944,5607,2017-12-17 04:05:00,54.603,-117.692,1.92,1.92,6.99,1,1.9,54,46,5446,0.0
5945,5609,2017-12-18 01:08:00,54.493,-117.568,2.14,2.14,6.81,1,2.1,53,46,5346,0.0
5946,5610,2017-12-18 03:34:00,54.477,-117.581,2.01,2.01,6.1,1,2.0,53,46,5346,0.0
5947,5611,2017-12-18 18:35:00,54.464,-117.548,1.98,1.98,12.01,1,2.0,53,47,5347,0.0
5948,5616,2017-12-21 15:00:00,54.481,-117.573,2.4,2.12,7.03,1,2.1,53,46,5346,0.0
5949,5619,2017-12-23 08:51:00,54.469,-117.352,2.7,2.7,6.98,1,2.7,53,48,5348,0.0
5959,5701,2018-02-14 07:45:00,54.52,-118.007,2.0,1.83,5.37,1,1.8,53,43,5343,0.0
5960,5716,2018-02-16 11:51:00,54.517,-117.972,2.03,2.03,6.97,1,2.0,53,44,5344,0.0
5962,5721,2018-02-19 11:56:00,54.528,-117.99,1.82,1.82,6.98,1,1.8,54,43,5443,0.0
5963,5723,2018-02-21 06:10:00,54.526,-118.159,1.97,1.97,7.0,1,2.0,53,42,5342,0.0
5966,5731,2018-02-25 16:26:00,54.364,-117.446,2.01,2.01,3.39,1,2.0,52,47,5247,0.0
5967,5733,2018-02-26 07:29:00,54.359,-117.373,1.91,1.91,7.0,1,1.9,52,48,5248,0.0
5968,5734,2018-02-26 11:51:00,54.355,-117.329,1.88,1.88,6.99,1,1.9,52,48,5248,0.0
5969,5735,2018-02-26 13:13:00,54.369,-117.444,1.8,1.8,7.0,1,1.8,52,47,5247,0.0
5970,5736,2018-02-26 14:55:00,54.344,-117.368,2.08,2.08,3.54,1,2.1,52,48,5248,0.0
5971,5737,2018-02-26 15:15:00,54.371,-117.618,1.99,1.99,3.14,1,2.0,52,46,5246,0.0
5972,5738,2018-02-26 16:40:00,54.343,-117.382,2.3,2.3,2.97,1,2.3,52,48,5248,0.0
5973,5739,2018-02-26 20:32:00,54.34,-117.415,2.2,2.2,7.81,1,2.2,52,48,5248,0.0
5974,5740,2018-02-26 22:24:00,54.349,-117.418,2.31,2.31,6.8,1,2.3,52,48,5248,0.0
5975,5741,2018-02-27 03:11:00,54.349,-117.495,1.95,1.95,3.22,1,2.0,52,47,5247,0.0
5976,5742,2018-02-27 05:39:00,54.353,-117.388,1.69,1.69,3.47,1,1.7,52,48,5248,0.0
5977,5743,2018-02-27 05:58:00,54.362,-117.503,1.8,1.8,3.35,1,1.8,52,47,5247,0.0
5978,5744,2018-02-27 11:09:00,54.36,-117.284,1.68,1.68,6.86,1,1.7,52,49,5249,0.0
5979,5745,2018-02-27 11:56:00,54.326,-117.377,2.17,2.17,3.46,1,2.2,52,48,5248,0.0
5980,5746,2018-02-27 14:00:00,54.512,-117.923,2.17,2.17,3.59,1,2.2,53,44,5344,0.0
5981,5747,2018-02-27 14:33:00,54.358,-117.343,1.91,1.91,7.0,1,1.9,52,48,5248,0.0
5982,5748,2018-02-27 15:05:00,54.589,-118.245,2.15,2.15,6.85,1,2.2,54,42,5442,0.0
5983,5750,2018-02-28 00:52:00,54.35,-117.432,1.74,1.74,3.38,1,1.7,52,47,5247,0.0
5985,5752,2018-03-01 01:01:00,54.337,-117.385,1.92,1.92,3.48,1,1.9,52,48,5248,0.0
5986,5753,2018-03-01 10:52:00,54.36,-117.353,1.71,1.71,6.96,1,1.7,52,48,5248,0.0
5987,5757,2018-03-06 01:35:00,54.526,-117.999,1.98,1.98,6.98,1,2.0,53,43,5343,0.0
5988,5760,2018-03-08 18:08:00,54.343,-117.387,2.88,2.88,6.38,1,2.9,52,48,5248,0.0
5989,5766,2018-03-10 15:02:00,54.349,-117.493,2.28,2.28,3.5,1,2.3,52,47,5247,0.0
5991,5770,2018-03-11 18:21:00,54.344,-117.371,2.58,2.58,3.37,1,2.6,52,48,5248,0.0
5992,5771,2018-03-12 12:20:00,54.35,-117.496,1.91,1.91,3.51,1,1.9,52,47,5247,0.0
5993,5772,2018-03-12 15:43:00,54.351000000000006,-117.467,1.83,1.83,3.25,1,1.8,52,47,5247,0.0
5994,5777,2018-03-15 13:05:00,54.334,-117.552,1.87,1.87,3.45,1,1.9,52,47,5247,0.0
5998,5783,2018-03-19 15:06:00,54.327,-117.448,2.63,2.63,3.5,1,2.6,52,47,5247,0.0
5999,5784,2018-03-19 15:27:00,54.315,-117.519,1.96,1.96,6.45,1,2.0,52,47,5247,0.0
6000,5787,2018-03-20 10:17:00,54.309,-117.47,2.44,2.44,3.16,1,2.4,52,47,5247,0.0
6001,5790,2018-03-21 06:36:00,54.352,-117.405,1.91,1.91,6.98,1,1.9,52,48,5248,0.0
6002,5791,2018-03-21 14:59:00,54.28100000000001,-117.505,1.95,1.95,3.46,1,2.0,51,47,5147,0.0
6003,5792,2018-03-21 18:55:00,54.338,-117.506,2.28,2.28,3.26,1,2.3,52,47,5247,0.0
6004,5794,2018-03-22 00:49:00,54.31,-117.462,2.03,2.03,3.5,1,2.0,52,47,5247,0.0
6005,5795,2018-03-22 02:38:00,54.322,-117.453,2.42,2.42,3.5,1,2.4,52,47,5247,0.0
6006,5796,2018-03-22 02:53:00,54.316,-117.407,2.03,2.03,7.0,1,2.0,52,48,5248,0.0
6007,5797,2018-03-22 18:29:00,54.31,-117.459,2.38,2.38,3.49,1,2.4,52,47,5247,0.0
6008,5798,2018-03-23 05:59:00,54.312,-117.457,2.24,2.24,3.9,1,2.2,52,47,5247,0.0
6009,5800,2018-03-24 01:21:00,54.328,-117.454,2.66,2.66,3.5,1,2.7,52,47,5247,0.0
6010,5801,2018-03-24 08:30:00,54.306,-117.433,1.86,1.86,7.0,1,1.9,52,47,5247,0.0
6011,5802,2018-03-24 09:13:00,54.324,-117.458,2.1,2.1,3.5,1,2.1,52,47,5247,0.0
6012,5803,2018-03-24 11:37:00,54.309,-117.475,2.48,2.48,3.53,1,2.5,52,47,5247,0.0
6013,5804,2018-03-24 13:32:00,54.32100000000001,-117.492,1.77,1.77,3.49,1,1.8,52,47,5247,0.0
6014,5805,2018-03-24 16:08:00,54.319,-117.462,1.98,1.98,6.99,1,2.0,52,47,5247,0.0
6015,5806,2018-03-24 19:29:00,54.31,-117.48,2.13,2.13,3.48,1,2.1,52,47,5247,0.0
6016,5807,2018-03-24 21:39:00,54.317,-117.451,2.18,2.18,7.0,1,2.2,52,47,5247,0.0
6017,5808,2018-03-25 02:08:00,54.312,-117.595,1.7,1.7,3.33,1,1.7,52,46,5246,0.0
6018,5809,2018-03-25 04:33:00,54.322,-117.472,1.95,1.95,7.01,1,2.0,52,47,5247,0.0
6019,5810,2018-03-25 05:13:00,54.332,-117.433,1.96,1.96,7.01,1,2.0,52,47,5247,0.0
6020,5811,2018-03-25 07:45:00,54.473,-117.662,2.05,2.05,7.0,1,2.1,53,46,5346,0.0
6021,5812,2018-03-25 08:55:00,54.348,-117.466,2.44,2.44,3.18,1,2.4,52,47,5247,0.0
6022,5813,2018-03-25 13:26:00,54.323,-117.485,1.91,1.91,3.5,1,1.9,52,47,5247,0.0
6023,5814,2018-03-25 14:05:00,54.309,-117.484,2.05,2.05,9.35,1,2.1,52,47,5247,0.0
6024,5815,2018-03-26 03:59:00,54.322,-117.459,2.32,2.32,3.46,1,2.3,52,47,5247,0.0
6025,5816,2018-03-26 08:33:00,54.316,-117.464,2.21,2.21,3.27,1,2.2,52,47,5247,0.0
6026,5817,2018-03-26 12:15:00,54.32,-117.456,2.04,2.04,3.5,1,2.0,52,47,5247,0.0
6027,5819,2018-03-26 14:33:00,54.315,-117.442,2.0,2.0,3.5,1,2.0,52,47,5247,0.0
6028,5822,2018-03-26 23:24:00,54.33600000000001,-117.495,2.11,2.11,3.1,1,2.1,52,47,5247,0.0
6029,5823,2018-03-27 01:44:00,54.317,-117.464,2.22,2.22,2.34,1,2.2,52,47,5247,0.0
6030,5825,2018-03-27 13:33:00,54.322,-117.469,2.46,2.46,2.27,1,2.5,52,47,5247,0.0
6031,5827,2018-03-27 23:46:00,54.325,-117.463,2.2,2.2,3.59,1,2.2,52,47,5247,0.0
6032,5828,2018-03-28 05:07:00,54.316,-117.439,2.03,2.03,6.98,1,2.0,52,47,5247,0.0
6033,5829,2018-03-28 05:26:00,54.326,-117.445,1.82,1.82,6.99,1,1.8,52,47,5247,0.0
6034,5830,2018-03-28 08:36:00,54.331,-117.427,1.99,1.99,6.99,1,2.0,52,47,5247,0.0
6035,5831,2018-03-28 10:37:00,54.326,-117.445,1.84,1.84,7.0,1,1.8,52,47,5247,0.0
6036,5832,2018-03-28 17:12:00,54.31800000000001,-117.486,2.05,2.05,3.47,1,2.1,52,47,5247,0.0
6038,5834,2018-03-28 23:47:00,54.33,-117.471,1.94,1.94,6.97,1,1.9,52,47,5247,0.0
6039,5835,2018-03-29 00:36:00,54.333,-117.461,2.24,2.24,6.98,1,2.2,52,47,5247,0.0
6040,5836,2018-03-29 02:08:00,54.328,-117.473,2.2,2.2,3.5,1,2.2,52,47,5247,0.0
6041,5837,2018-03-29 05:09:00,54.322,-117.483,2.24,2.24,3.48,1,2.2,52,47,5247,0.0
6042,5838,2018-03-29 08:15:00,54.32,-117.537,1.75,1.75,3.09,1,1.8,52,47,5247,0.0
6043,5839,2018-03-29 08:16:00,54.287,-117.392,1.96,1.96,7.0,1,2.0,52,48,5248,0.0
6044,5840,2018-03-29 08:56:00,54.319,-117.454,2.07,2.07,3.8,1,2.1,52,47,5247,0.0
6045,5842,2018-03-29 10:41:00,54.316,-117.45,1.81,1.81,4.11,1,1.8,52,47,5247,0.0
6046,5843,2018-03-29 10:58:00,54.315,-117.423,2.27,2.27,3.49,1,2.3,52,48,5248,0.0
6047,5844,2018-03-29 11:24:00,54.316,-117.459,1.84,1.84,3.64,1,1.8,52,47,5247,0.0
6048,5845,2018-03-29 19:18:00,54.31399999999999,-117.451,2.11,2.11,3.62,1,2.1,52,47,5247,0.0
6049,5846,2018-03-29 20:59:00,54.322,-117.453,2.5,2.5,3.12,1,2.5,52,47,5247,0.0
6050,5847,2018-03-29 22:37:00,54.313,-117.464,2.06,2.06,3.73,1,2.1,52,47,5247,0.0
6051,5848,2018-03-30 02:15:00,54.32100000000001,-117.402,2.02,2.02,6.96,1,2.0,52,48,5248,0.0
6052,5849,2018-03-30 13:20:00,54.307,-117.421,2.1,2.1,3.34,1,2.1,52,48,5248,0.0
6053,5850,2018-03-30 17:13:00,54.322,-117.451,2.41,2.41,3.38,1,2.4,52,47,5247,0.0
6054,5852,2018-03-30 19:15:00,54.306,-117.547,2.14,2.14,4.07,1,2.1,52,47,5247,0.0
6056,5855,2018-04-01 03:36:00,54.335,-117.468,1.67,1.67,3.15,1,1.7,52,47,5247,0.0
6057,5856,2018-04-01 07:24:00,54.32,-117.451,2.26,2.26,3.33,1,2.3,52,47,5247,0.0
6058,5857,2018-04-01 14:57:00,54.325,-117.468,1.82,1.82,3.24,1,1.8,52,47,5247,0.0
6059,5858,2018-04-01 18:32:00,54.313,-117.493,1.94,1.94,3.38,1,1.9,52,47,5247,0.0
6060,5859,2018-04-01 19:13:00,54.298,-117.456,1.87,1.87,7.03,1,1.9,52,47,5247,0.0
6061,5861,2018-04-02 03:32:00,54.317,-117.459,1.72,1.72,3.28,1,1.7,52,47,5247,0.0
6062,5862,2018-04-03 01:10:00,54.325,-117.509,1.83,1.83,3.34,1,1.8,52,47,5247,0.0
6063,5863,2018-04-03 09:28:00,54.312,-117.462,1.82,1.82,3.7,1,1.8,52,47,5247,0.0
6064,5864,2018-04-03 13:10:00,54.31399999999999,-117.433,1.83,1.83,3.34,1,1.8,52,47,5247,0.0
6066,5866,2018-04-03 20:25:00,54.313,-117.407,2.05,2.05,2.35,1,2.1,52,48,5248,0.0
6067,5867,2018-04-04 05:57:00,54.301,-117.461,2.08,2.08,2.76,1,2.1,52,47,5247,0.0
6068,5869,2018-04-04 18:05:00,54.322,-117.46,2.28,2.28,4.03,1,2.3,52,47,5247,0.0
6070,5874,2018-04-05 14:38:00,54.31800000000001,-117.458,2.33,2.33,3.5,1,2.3,52,47,5247,0.0
6071,5876,2018-04-06 16:29:00,54.348,-117.468,2.1,2.1,3.5,1,2.1,52,47,5247,0.0
6074,5884,2018-04-13 08:35:00,54.307,-117.46,2.31,2.31,3.17,1,2.3,52,47,5247,0.0
6075,5889,2018-04-15 11:13:00,54.324,-117.456,1.77,1.77,3.02,1,1.8,52,47,5247,0.0
6077,5907,2018-04-24 02:19:00,54.323,-117.481,2.17,2.17,3.46,1,2.2,52,47,5247,0.0
6080,5920,2018-04-30 19:19:00,54.306,-117.416,2.11,2.11,3.42,1,2.1,52,48,5248,0.0
6081,5927,2018-05-05 07:51:00,54.298,-117.457,2.67,2.67,3.5,1,2.7,52,47,5247,0.0
6083,5935,2018-05-11 12:21:00,54.343,-117.533,2.17,2.17,3.23,1,2.2,52,47,5247,0.0
6087,5953,2018-05-23 00:46:00,54.312,-117.405,1.9,1.9,7.01,1,1.9,52,48,5248,0.0
6089,5961,2018-05-28 01:42:00,54.352,-117.458,2.45,2.45,6.95,1,2.5,52,47,5247,0.0
6090,5962,2018-05-28 19:07:00,54.325,-117.368,2.85,2.85,7.01,1,2.9,52,48,5248,0.0
6092,5971,2018-05-30 20:06:00,54.297,-117.567,2.82,2.82,6.99,1,2.8,52,46,5246,0.0
6093,5973,2018-05-31 06:30:00,54.338,-117.436,2.4,2.4,9.27,1,2.4,52,47,5247,0.0
6094,5979,2018-06-03 00:06:00,54.481,-117.581,2.4,2.4,7.01,1,2.4,53,46,5346,0.0
6095,5986,2018-06-05 14:53:00,54.354,-117.563,1.91,1.91,7.01,1,1.9,52,46,5246,0.0
6097,5993,2018-06-08 04:53:00,54.303,-117.602,2.33,2.33,6.98,1,2.3,52,46,5246,0.0
6102,6010,2018-06-15 19:58:00,54.28100000000001,-117.486,2.01,2.01,7.01,1,2.0,51,47,5147,0.0
6106,6016,2018-06-20 02:52:00,54.31800000000001,-117.564,1.91,1.91,7.01,1,1.9,52,46,5246,0.0
6107,6017,2018-06-20 15:19:00,54.206,-117.648,2.49,2.49,7.01,1,2.5,51,46,5146,0.0
6109,6024,2018-06-24 01:28:00,54.233,-117.566,2.5,2.5,7.0,1,2.5,51,46,5146,0.0
6111,6029,2018-06-26 05:01:00,54.3,-117.587,1.94,1.94,7.09,1,1.9,52,46,5246,0.0
6112,6030,2018-06-26 11:09:00,54.256,-117.555,2.7,2.7,6.98,1,2.7,51,47,5147,0.0
6114,6033,2018-06-27 10:23:00,54.364,-117.72,3.8,3.22,7.03,1,3.2,52,45,5245,0.0
6123,6053,2018-07-02 22:40:00,54.218,-117.489,2.25,2.25,6.98,1,2.3,51,47,5147,0.0
6124,6056,2018-07-03 19:44:00,54.467,-117.93,3.11,3.11,7.06,1,3.1,53,44,5344,0.0
6126,6063,2018-07-05 08:03:00,54.32,-117.627,3.5,3.09,7.0,1,3.1,52,46,5246,0.0
6127,6069,2018-07-06 08:20:00,54.316,-117.628,2.09,2.09,7.0,1,2.1,52,46,5246,0.0
6128,6070,2018-07-06 15:20:00,54.324,-117.358,2.17,2.17,6.65,1,2.2,52,48,5248,0.0
6129,6073,2018-07-07 03:06:00,54.338,-117.793,2.18,2.18,7.07,1,2.2,52,45,5245,0.0
6130,6074,2018-07-07 08:44:00,54.347,-117.589,1.82,1.82,7.07,1,1.8,52,46,5246,0.0
6132,6076,2018-07-07 15:48:00,54.322,-117.702,2.5,2.5,2.31,1,2.5,52,45,5245,0.0
6133,6078,2018-07-08 06:13:00,54.337,-117.677,2.17,2.17,7.01,1,2.2,52,46,5246,0.0
6134,6079,2018-07-08 06:35:00,54.341,-117.684,2.22,2.22,7.02,1,2.2,52,46,5246,0.0
6135,6080,2018-07-08 11:27:00,54.315,-117.561,1.76,1.76,7.0,1,1.8,52,47,5247,0.0
6136,6082,2018-07-08 21:56:00,54.319,-117.415,2.25,2.25,6.7,1,2.3,52,48,5248,0.0
6138,6084,2018-07-09 05:08:00,54.346,-117.671,2.14,2.14,7.0,1,2.1,52,46,5246,0.0
6139,6085,2018-07-09 17:03:00,54.335,-117.688,2.58,2.58,7.01,1,2.6,52,46,5246,0.0
6140,6086,2018-07-09 17:24:00,54.308,-117.621,2.45,2.45,6.99,1,2.5,52,46,5246,0.0
6141,6089,2018-07-10 07:48:00,54.33,-117.697,2.49,2.49,6.99,1,2.5,52,46,5246,0.0
6142,6090,2018-07-10 08:36:00,54.31,-117.669,2.07,2.07,6.97,1,2.1,52,46,5246,0.0
6143,6091,2018-07-11 03:57:00,54.305,-117.546,2.18,2.18,7.01,1,2.2,52,47,5247,0.0
6144,6092,2018-07-11 08:38:00,54.327,-117.62,3.5,3.18,6.97,1,3.2,52,46,5246,0.0
6145,6093,2018-07-11 09:01:00,54.339,-117.59,2.68,2.68,7.06,1,2.7,52,46,5246,0.0
6146,6094,2018-07-11 14:57:00,54.256,-117.644,1.99,1.99,7.03,1,2.0,51,46,5146,0.0
6147,6096,2018-07-11 19:05:00,54.31800000000001,-117.599,2.47,2.47,6.98,1,2.5,52,46,5246,0.0
6149,6100,2018-07-12 04:47:00,54.322,-117.577,2.06,2.06,7.02,1,2.1,52,46,5246,0.0
6150,6101,2018-07-12 07:01:00,54.31800000000001,-117.351,1.98,1.98,7.01,1,2.0,52,48,5248,0.0
6151,6102,2018-07-12 07:04:00,54.335,-117.629,1.89,1.89,7.21,1,1.9,52,46,5246,0.0
6152,6103,2018-07-12 07:10:00,54.344,-117.503,2.01,2.01,6.98,1,2.0,52,47,5247,0.0
6153,6104,2018-07-12 11:59:00,54.33600000000001,-117.507,2.06,2.06,7.03,1,2.1,52,47,5247,0.0
6154,6108,2018-07-12 23:40:00,54.332,-117.688,2.33,2.33,7.03,1,2.3,52,46,5246,0.0
6156,6110,2018-07-13 07:24:00,54.31100000000001,-117.619,2.33,2.33,7.05,1,2.3,52,46,5246,0.0
6159,6114,2018-07-14 06:21:00,54.317,-117.609,3.3,2.98,7.04,1,3.0,52,46,5246,0.0
6160,6115,2018-07-14 07:43:00,54.34,-117.637,2.34,2.34,7.03,1,2.3,52,46,5246,0.0
6161,6118,2018-07-15 04:01:00,54.334,-117.676,2.7,2.7,7.0,1,2.7,52,46,5246,0.0
6163,6121,2018-07-16 01:34:00,54.35,-117.662,2.12,2.12,7.0,1,2.1,52,46,5246,0.0
6164,6122,2018-07-16 07:26:00,54.341,-117.669,2.03,2.03,7.0,1,2.0,52,46,5246,0.0
6165,6123,2018-07-16 09:49:00,54.33,-117.42,2.27,2.27,6.98,1,2.3,52,48,5248,0.0
6167,6128,2018-07-17 15:15:00,54.345,-117.671,2.14,2.14,7.0,1,2.1,52,46,5246,0.0
6168,6130,2018-07-17 21:03:00,54.206,-117.657,2.28,2.28,7.01,1,2.3,51,46,5146,0.0
6169,6135,2018-07-18 02:03:00,54.313,-117.619,2.38,2.38,7.02,1,2.4,52,46,5246,0.0
6170,6136,2018-07-18 07:25:00,54.337,-117.66,2.55,2.55,7.0,1,2.6,52,46,5246,0.0
6171,6139,2018-07-19 06:53:00,54.33,-117.66,2.16,2.16,6.99,1,2.2,52,46,5246,0.0
6172,6140,2018-07-19 08:50:00,54.334,-117.664,1.91,1.91,7.03,1,1.9,52,46,5246,0.0
6173,6141,2018-07-19 11:59:00,54.31100000000001,-117.588,2.0,2.0,7.01,1,2.0,52,46,5246,0.0
6174,6143,2018-07-20 09:33:00,54.331,-117.7,2.28,2.28,7.01,1,2.3,52,45,5245,0.0
6175,6144,2018-07-20 09:58:00,54.341,-117.671,2.3,2.3,7.02,1,2.3,52,46,5246,0.0
6176,6146,2018-07-20 21:45:00,54.3,-117.729,2.49,2.49,6.94,1,2.5,52,45,5245,0.0
6178,6149,2018-07-22 02:07:00,54.351000000000006,-117.669,2.09,2.09,1.41,1,2.1,52,46,5246,0.0
6179,6150,2018-07-22 12:07:00,54.322,-117.685,2.8,2.8,3.91,1,2.8,52,46,5246,0.0
6180,6153,2018-07-22 21:36:00,54.332,-117.67,2.69,2.69,3.5,1,2.7,52,46,5246,0.0
6181,6154,2018-07-23 03:31:00,54.333,-117.635,2.22,2.22,3.02,1,2.2,52,46,5246,0.0
6182,6156,2018-07-24 17:19:00,54.339,-117.658,1.94,1.94,3.5,1,1.9,52,46,5246,0.0
6183,6160,2018-07-24 23:04:00,54.31800000000001,-117.677,1.89,1.89,3.5,1,1.9,52,46,5246,0.0
6184,6161,2018-07-25 03:17:00,54.325,-117.667,1.83,1.83,7.01,1,1.8,52,46,5246,0.0
6185,6162,2018-07-25 03:51:00,54.325,-117.657,2.42,2.42,2.46,1,2.4,52,46,5246,0.0
6186,6163,2018-07-25 06:57:00,54.316,-117.593,2.51,2.51,2.92,1,2.5,52,46,5246,0.0
6188,6165,2018-07-25 13:25:00,54.324,-117.671,1.99,1.99,3.5,1,2.0,52,46,5246,0.0
6189,6167,2018-07-25 23:19:00,54.32,-117.662,2.01,2.01,3.5,1,2.0,52,46,5246,0.0
6190,6168,2018-07-26 00:09:00,54.332,-117.636,2.01,2.01,3.5,1,2.0,52,46,5246,0.0
6191,6169,2018-07-26 03:43:00,54.32,-117.66,2.34,2.34,3.5,1,2.3,52,46,5246,0.0
6192,6170,2018-07-26 12:59:00,54.331,-117.543,2.09,2.09,6.89,1,2.1,52,47,5247,0.0
6193,6171,2018-07-26 16:33:00,54.32,-117.866,2.08,2.08,7.22,1,2.1,52,44,5244,0.0
6194,6173,2018-07-28 12:38:00,54.349,-117.668,1.86,1.86,9.84,1,1.9,52,46,5246,0.0
6195,6176,2018-07-29 04:46:00,54.33600000000001,-117.65,2.19,2.19,3.5,1,2.2,52,46,5246,0.0
6196,6177,2018-07-29 17:56:00,54.325,-117.667,2.21,2.21,3.5,1,2.2,52,46,5246,0.0
6197,6178,2018-07-30 15:36:00,54.332,-117.689,2.12,2.12,3.5,1,2.1,52,46,5246,0.0
6198,6182,2018-08-25 09:40:00,54.32899999999999,-117.471,3.0,3.0,1.7,2,2.9,52,47,5247,0.0
6199,6183,2018-08-26 02:59:00,54.299,-117.645,3.1,3.1,4.8,2,3.0,52,46,5246,0.0
6202,6201,2018-09-10 18:56:00,54.341,-117.676,2.27,2.27,3.45,1,2.3,52,46,5246,0.0
6203,6203,2018-09-10 19:35:00,54.404,-117.487,2.19,2.19,3.01,1,2.2,52,47,5247,0.0
6204,6204,2018-09-10 21:35:00,54.332,-117.524,2.27,2.27,2.84,1,2.3,52,47,5247,0.0
6205,6206,2018-09-11 14:50:00,54.403,-117.487,1.99,1.99,3.3,1,2.0,52,47,5247,0.0
6208,6209,2018-09-11 22:38:00,54.401,-117.483,2.07,2.07,3.36,1,2.1,52,47,5247,0.0
6210,6214,2018-09-17 03:09:00,54.397,-117.483,2.26,2.26,3.5,1,2.3,52,47,5247,0.0
6214,6225,2018-09-25 01:09:00,54.4,-117.479,2.54,2.54,3.5,1,2.5,52,47,5247,0.0
6215,6226,2018-09-25 04:27:00,54.395,-117.564,2.22,2.22,6.36,1,2.2,52,46,5246,0.0
6216,6229,2018-09-26 14:23:00,54.32100000000001,-117.473,2.11,2.11,7.03,1,2.1,52,47,5247,0.0
6218,6237,2018-09-29 11:21:00,54.37600000000001,-117.469,1.76,1.76,1.53,1,1.8,52,47,5247,0.0
6219,6238,2018-09-29 14:33:00,54.389,-117.739,2.0,2.0,1.68,1,2.0,52,45,5245,0.0
6221,6242,2018-09-30 13:55:00,54.33600000000001,-117.471,2.12,2.12,1.89,1,2.1,52,47,5247,0.0
6222,6250,2018-10-03 17:31:00,54.385,-117.501,2.27,2.27,4.08,1,2.3,52,47,5247,0.0
6223,6252,2018-10-04 16:55:00,54.39100000000001,-117.487,2.3,2.3,3.5,1,2.3,52,47,5247,0.0
6224,6257,2018-10-05 03:30:00,54.396,-117.474,2.55,2.55,3.06,1,2.6,52,47,5247,0.0
6225,6258,2018-10-05 05:10:00,54.415,-117.487,2.64,2.64,7.0,1,2.6,53,47,5347,0.0
6227,6260,2018-10-05 22:17:00,54.368,-117.38,2.17,2.17,6.91,1,2.2,52,48,5248,0.0
6228,6261,2018-10-06 00:22:00,54.383,-117.467,2.22,2.22,6.96,1,2.2,52,47,5247,0.0
6229,6265,2018-10-06 19:36:00,54.386,-117.536,2.24,2.24,1.54,1,2.2,52,47,5247,0.0
6230,6266,2018-10-07 05:23:00,54.447,-117.517,2.27,2.27,9.16,1,2.3,53,47,5347,0.0
6231,6267,2018-10-07 06:02:00,54.418,-117.49,1.9,1.9,7.74,1,1.9,53,47,5347,0.0
6232,6273,2018-10-08 02:34:00,54.389,-117.477,2.0,2.0,0.51,1,2.0,52,47,5247,0.0
6233,6276,2018-10-08 06:56:00,54.394,-117.585,2.05,2.05,1.73,1,2.1,52,46,5246,0.0
6234,6278,2018-10-08 11:52:00,54.371,-117.311,1.62,1.62,4.91,1,1.6,52,48,5248,0.0
6236,6283,2018-10-08 22:23:00,54.389,-117.499,2.07,2.07,7.01,1,2.1,52,47,5247,0.0
6241,6292,2018-10-11 07:40:00,54.413,-117.505,2.43,2.43,7.01,1,2.4,53,47,5347,0.0
6242,6294,2018-10-12 10:07:00,54.349,-117.249,1.85,1.85,5.35,1,1.9,52,49,5249,0.0
6243,6296,2018-10-12 15:11:00,54.326,-117.51,2.02,2.02,2.35,1,2.0,52,47,5247,0.0
6244,6297,2018-10-12 17:11:00,54.35,-117.335,2.21,2.21,8.72,1,2.2,52,48,5248,0.0
6245,6298,2018-10-12 19:07:00,54.217,-117.191,2.02,2.02,3.01,1,2.0,51,49,5149,0.0
6246,6300,2018-10-13 11:50:00,54.358,-117.292,2.36,2.36,7.08,1,2.4,52,48,5248,0.0
6247,6303,2018-10-14 05:34:00,54.363,-117.281,1.8,1.8,4.37,1,1.8,52,49,5249,0.0
6248,6304,2018-10-14 05:44:00,54.465,-117.952,2.11,2.11,6.41,1,2.1,53,44,5344,0.0
6250,6311,2018-10-16 10:47:00,54.395,-117.395,1.9,1.9,6.99,1,1.9,52,48,5248,0.0
6254,6354,2018-11-03 07:56:00,54.377,-117.871,1.74,1.74,6.99,1,1.7,52,44,5244,0.0
6259,6380,2018-11-18 11:22:00,54.319,-117.436,2.63,2.63,6.66,1,2.6,52,47,5247,0.0
6268,6422,2018-12-13 05:40:00,54.31800000000001,-117.586,2.07,2.07,3.09,1,2.1,52,46,5246,0.0
6269,6423,2018-12-13 13:23:00,54.333,-117.624,2.52,2.52,2.19,1,2.5,52,46,5246,0.0
6270,6424,2018-12-13 17:12:00,54.345,-117.752,2.0,2.0,2.37,1,2.0,52,45,5245,0.0
6275,6437,2018-12-19 02:46:00,54.483,-118.113,1.91,1.91,4.53,1,1.9,53,42,5342,0.0
6277,6456,2018-12-25 06:30:00,54.396,-117.715,2.41,2.41,3.56,1,2.4,52,45,5245,0.0
6286,6477,2019-01-04 22:18:00,54.575,-117.529,1.98,1.98,6.64,1,2.0,54,47,5447,0.0
6296,6512,2019-01-12 00:59:00,54.265,-117.558,1.94,1.94,6.15,1,1.9,51,47,5147,0.0
6297,6513,2019-01-12 14:50:00,54.524,-117.45,2.06,2.06,6.97,1,2.1,53,47,5347,0.0
6299,6539,2019-01-18 08:03:00,54.268,-117.527,1.91,1.91,10.88,1,1.9,51,47,5147,0.0
6316,6653,2019-03-02 15:42:00,54.434,-117.361,2.56,2.56,0.14,1,2.6,53,48,5348,0.0
6317,6654,2019-03-02 16:07:00,54.438,-117.323,2.89,2.89,0.15,1,2.9,53,48,5348,0.0
6318,6656,2019-03-03 04:45:00,54.285,-117.545,2.05,2.05,5.23,1,2.1,51,47,5147,0.0
6328,6725,2019-03-27 22:30:00,54.377,-117.522,1.69,1.69,7.31,1,1.7,52,47,5247,0.0
6335,6751,2019-04-09 01:08:00,54.34,-117.433,2.8,2.8,3.9,1,2.8,52,47,5247,0.0
6583,3424,2015-01-07 04:50:00,54.433,-117.301,3.47,3.13,12.94,1,3.1,53,48,5348,0.0
6598,3700,2015-06-01 15:29:00,54.147,-116.895,2.81,2.27,16.54,1,2.3,50,51,5051,0.0
6605,3715,2015-06-13 23:57:00,54.148,-116.862,5.0,4.03,14.22,1,4.0,50,52,5052,0.0
6612,3812,2015-08-19 00:02:00,54.476000000000006,-117.257,3.33,3.05,16.52,1,3.0,53,49,5349,0.0
6613,3961,2015-09-14 15:12:00,54.25,-117.598,2.47,2.47,14.34,1,2.5,51,46,5146,0.0
6619,4176,2015-12-03 04:51:00,54.219,-116.915,2.9,2.56,20.0,2,2.6,51,51,5151,0.0
6630,4372,2016-03-07 18:51:00,54.44600000000001,-117.474,2.14,2.14,16.71,1,2.1,53,47,5347,0.0
6636,4449,2016-04-09 16:26:00,54.335,-117.514,2.23,2.23,22.3,2,2.2,52,47,5247,0.0
6644,4606,2016-06-30 05:31:00,54.291,-117.291,2.31,2.31,20.0,2,2.3,52,48,5248,0.0
6653,4912,2017-01-11 02:41:00,54.242,-117.585,1.89,1.89,12.66,1,1.9,51,46,5146,0.0
6655,4932,2017-01-13 20:46:00,54.184,-117.53,1.89,1.89,15.95,1,1.9,51,47,5147,0.0
6658,4949,2017-01-17 07:30:00,54.122,-117.381,1.97,1.97,13.86,1,2.0,50,48,5048,0.0
6661,4977,2017-01-26 20:27:00,54.271,-117.6,2.0,2.0,21.5,2,1.9,51,46,5146,0.0
6663,4981,2017-01-27 06:12:00,54.222,-117.607,2.1,2.1,13.22,1,2.1,51,46,5146,0.0
6685,5259,2017-07-01 21:37:00,54.404,-117.428,2.0,2.0,17.4,2,1.9,52,47,5247,0.0
6693,5353,2017-07-25 22:57:00,54.459,-117.358,2.0,2.0,20.4,1,2.0,53,48,5348,0.0
6716,5903,2018-04-19 08:40:00,54.295,-117.49,2.81,2.81,16.37,1,2.8,52,47,5247,0.0
6731,6064,2018-07-05 15:12:00,54.308,-117.713,3.0,3.0,13.11,1,3.0,52,45,5245,0.0
6766,6453,2018-12-24 18:50:00,54.44600000000001,-117.925,1.95,1.95,10.92,1,2.0,53,44,5344,0.0
