time,number of fractures
2013-11-27,9
2013-11-28,14
2013-12-10,16
2013-12-11,14
2013-12-12,4
2013-12-15,23
2014-01-01,1
2014-01-04,9
2014-01-05,8
2014-01-06,13
2014-01-07,19
2014-01-08,17
2014-01-09,7
2014-01-10,11
2014-01-12,4
2014-01-13,15
2014-01-14,9
2014-01-15,23
2014-01-18,1
2014-01-21,1
2014-01-23,1
2014-01-24,1
2014-01-25,10
2014-01-26,23
2014-01-27,20
2014-01-28,22
2014-02-01,12
2014-02-02,40
2014-02-03,11
2014-02-04,16
2014-02-06,24
2014-02-07,37
2014-02-08,2
2014-02-10,52
2014-02-11,4
2014-02-13,1
2014-02-14,28
2014-02-15,8
2014-02-16,7
2014-02-17,11
2014-02-19,6
2014-02-20,14
2014-02-21,16
2014-02-22,8
2014-02-23,1
2014-02-24,1
2014-02-25,3
2014-02-26,9
2014-02-27,13
2014-02-28,16
2014-03-01,2
2014-03-03,2
2014-03-04,29
2014-03-05,23
2014-03-06,3
2014-03-07,7
2014-03-08,23
2014-03-09,23
2014-03-10,7
2014-03-11,12
2014-03-12,19
2014-03-13,11
2014-03-14,5
2014-03-15,3
2014-03-16,6
2014-03-17,10
2014-03-18,10
2014-03-19,9
2014-03-20,10
2014-03-21,30
2014-03-22,3
2014-03-23,5
2014-03-24,4
2014-03-25,4
2014-03-26,4
2014-03-27,5
2014-03-28,13
2014-03-29,15
2014-03-30,9
2014-03-31,5
2014-04-01,1
2014-04-03,1
2014-04-05,1
2014-04-07,1
2014-04-08,1
2014-04-09,1
2014-04-10,1
2014-04-11,1
2014-04-12,1
2014-04-13,1
2014-04-30,16
2014-05-05,1
2014-05-06,2
2014-05-07,2
2014-05-08,1
2014-05-09,3
2014-05-10,2
2014-05-11,2
2014-05-12,3
2014-05-13,2
2014-05-14,3
2014-05-15,3
2014-05-16,3
2014-05-17,5
2014-05-18,4
2014-05-19,3
2014-05-20,3
2014-05-21,5
2014-05-22,6
2014-05-23,4
2014-05-24,4
2014-05-25,3
2014-05-26,14
2014-05-27,17
2014-05-28,19
2014-05-29,22
2014-05-30,28
2014-05-31,30
2014-06-01,10
2014-06-08,2
2014-06-09,12
2014-06-10,17
2014-06-11,1
2014-06-13,2
2014-06-14,4
2014-06-15,3
2014-06-16,1
2014-06-20,2
2014-06-21,4
2014-06-22,3
2014-06-23,2
2014-06-24,2
2014-06-28,1
2014-06-29,3
2014-06-30,1
2014-07-01,6
2014-07-02,7
2014-07-03,7
2014-07-04,4
2014-07-05,6
2014-07-06,2
2014-07-07,4
2014-07-08,1
2014-07-13,1
2014-07-14,2
2014-07-15,19
2014-07-16,2
2014-07-17,2
2014-07-18,2
2014-07-19,3
2014-07-20,3
2014-07-21,3
2014-07-22,1
2014-07-27,5
2014-07-28,9
2014-07-29,8
2014-08-03,4
2014-08-04,9
2014-08-05,27
2014-08-06,13
2014-08-07,18
2014-08-08,17
2014-08-09,13
2014-08-10,13
2014-08-11,5
2014-08-12,13
2014-08-13,22
2014-08-14,10
2014-08-15,4
2014-08-16,5
2014-08-17,5
2014-08-18,5
2014-08-19,27
2014-08-20,2
2014-08-26,1
2014-08-27,13
2014-08-28,1
2014-08-29,14
2014-08-30,4
2014-08-31,2
2014-09-01,3
2014-09-03,1
2014-09-04,13
2014-09-07,4
2014-09-08,16
2014-09-09,3
2014-09-15,1
2014-09-16,17
2014-09-17,2
2014-09-18,4
2014-09-19,3
2014-09-20,3
2014-09-21,13
2014-09-22,10
2014-09-23,10
2014-09-24,8
2014-09-25,11
2014-09-26,11
2014-09-27,5
2014-09-28,7
2014-09-29,5
2014-09-30,4
2014-10-01,7
2014-10-02,5
2014-10-03,1
2014-10-05,2
2014-10-06,14
2014-10-07,4
2014-10-12,3
2014-10-13,3
2014-10-14,32
2014-10-15,8
2014-10-16,11
2014-10-17,33
2014-10-18,12
2014-10-19,9
2014-10-20,4
2014-10-21,12
2014-10-22,14
2014-10-23,6
2014-10-24,3
2014-10-27,18
2014-10-28,35
2014-10-29,3
2014-11-03,21
2014-11-04,22
2014-11-05,3
2014-11-06,3
2014-11-07,3
2014-11-08,6
2014-11-09,5
2014-11-10,4
2014-11-11,6
2014-11-12,4
2014-11-13,6
2014-11-14,3
2014-11-15,5
2014-11-16,5
2014-11-17,4
2014-11-18,14
2014-11-19,9
2014-11-20,7
2014-11-21,34
2014-11-22,9
2014-11-23,6
2014-11-24,25
2014-11-25,10
2014-11-26,8
2014-11-27,7
2014-11-28,7
2014-11-29,5
2014-11-30,4
2014-12-01,4
2014-12-02,24
2014-12-03,18
2014-12-04,9
2014-12-05,10
2014-12-06,25
2014-12-07,24
2014-12-08,19
2014-12-09,20
2014-12-10,16
2014-12-11,12
2014-12-12,12
2014-12-13,9
2014-12-14,12
2014-12-15,15
2014-12-16,18
2014-12-17,47
2014-12-18,27
2014-12-19,23
2014-12-20,26
2014-12-21,49
2014-12-22,8
2014-12-28,8
2014-12-29,17
2014-12-30,52
2014-12-31,39
2015-01-01,20
2015-01-02,7
2015-01-03,6
2015-01-04,9
2015-01-05,7
2015-01-06,9
2015-01-07,36
2015-01-08,57
2015-01-09,19
2015-01-10,11
2015-01-11,45
2015-01-12,49
2015-01-13,22
2015-01-14,30
2015-01-15,18
2015-01-16,24
2015-01-17,12
2015-01-18,16
2015-01-19,39
2015-01-20,42
2015-01-21,21
2015-01-22,31
2015-01-23,18
2015-01-24,13
2015-01-25,15
2015-01-26,15
2015-01-27,6
2015-01-28,6
2015-01-29,9
2015-01-30,18
2015-01-31,37
2015-02-01,28
2015-02-02,39
2015-02-03,8
2015-02-04,5
2015-02-05,20
2015-02-06,18
2015-02-07,8
2015-02-08,7
2015-02-09,6
2015-02-10,35
2015-02-11,26
2015-02-12,20
2015-02-13,49
2015-02-14,39
2015-02-15,8
2015-02-16,11
2015-02-17,14
2015-02-18,20
2015-02-19,13
2015-02-20,7
2015-02-21,10
2015-02-22,36
2015-02-23,11
2015-02-24,10
2015-02-25,12
2015-02-26,10
2015-02-27,38
2015-02-28,13
2015-03-01,15
2015-03-02,15
2015-03-03,13
2015-03-04,14
2015-03-05,14
2015-03-06,10
2015-03-07,4
2015-03-08,29
2015-03-09,1
2015-03-10,2
2015-03-11,2
2015-03-12,4
2015-03-13,2
2015-03-14,4
2015-03-15,4
2015-03-16,5
2015-03-17,6
2015-03-18,6
2015-03-19,6
2015-03-20,5
2015-03-21,1
2015-03-22,3
2015-03-23,2
2015-03-24,2
2015-04-25,2
2015-04-26,1
2015-04-27,1
2015-04-28,2
2015-04-29,2
2015-04-30,1
2015-05-01,3
2015-05-02,4
2015-05-03,7
2015-05-04,3
2015-05-05,6
2015-05-06,5
2015-05-07,4
2015-05-08,2
2015-05-09,1
2015-05-10,6
2015-05-11,4
2015-05-12,5
2015-05-13,8
2015-05-14,6
2015-05-15,7
2015-05-16,6
2015-05-17,8
2015-05-18,9
2015-05-19,7
2015-05-20,9
2015-05-21,10
2015-05-22,13
2015-05-23,14
2015-05-24,17
2015-05-25,17
2015-05-26,15
2015-05-27,14
2015-05-28,16
2015-05-29,14
2015-05-30,18
2015-05-31,16
2015-06-01,17
2015-06-02,17
2015-06-03,18
2015-06-04,18
2015-06-05,18
2015-06-06,11
2015-06-07,17
2015-06-28,2
2015-06-29,17
2015-06-30,16
2015-07-01,5
2015-07-02,5
2015-07-03,6
2015-07-04,6
2015-07-05,1
2015-07-06,1
2015-07-07,4
2015-07-08,4
2015-07-09,6
2015-07-10,10
2015-07-11,5
2015-07-12,11
2015-07-13,13
2015-07-14,15
2015-07-15,22
2015-07-16,25
2015-07-17,21
2015-07-18,8
2015-07-19,8
2015-07-20,12
2015-07-21,32
2015-07-22,6
2015-07-23,5
2015-07-25,6
2015-07-26,8
2015-07-27,1
2015-07-28,4
2015-07-29,7
2015-07-30,7
2015-07-31,6
2015-08-01,4
2015-08-02,8
2015-08-03,7
2015-08-04,7
2015-08-05,8
2015-08-06,10
2015-08-07,12
2015-08-08,11
2015-08-09,12
2015-08-10,14
2015-08-11,10
2015-08-12,13
2015-08-13,15
2015-08-14,42
2015-08-15,17
2015-08-16,14
2015-08-17,15
2015-08-18,16
2015-08-19,19
2015-08-20,21
2015-08-21,29
2015-08-22,24
2015-08-23,26
2015-08-24,35
2015-08-25,39
2015-08-26,26
2015-08-27,41
2015-08-28,23
2015-08-29,29
2015-08-30,23
2015-08-31,27
2015-09-01,13
2015-09-02,13
2015-09-03,13
2015-09-04,16
2015-09-05,10
2015-09-06,10
2015-09-07,9
2015-09-08,9
2015-09-09,13
2015-09-10,13
2015-09-11,17
2015-09-12,18
2015-09-13,12
2015-09-14,12
2015-09-15,13
2015-09-16,12
2015-09-17,25
2015-09-18,17
2015-09-19,12
2015-09-20,14
2015-09-21,12
2015-09-22,15
2015-09-23,4
2015-09-28,5
2015-09-29,23
2015-09-30,9
2015-10-16,4
2015-10-17,13
2015-10-31,1
2015-11-18,6
2015-11-19,4
2015-11-20,2
2015-11-21,7
2015-11-22,6
2015-11-23,18
2015-11-24,30
2015-11-25,7
2015-11-26,18
2015-11-27,20
2015-11-28,10
2015-11-29,27
2015-11-30,7
2015-12-01,6
2015-12-02,9
2015-12-03,8
2015-12-04,7
2015-12-05,9
2015-12-06,11
2015-12-07,10
2015-12-08,10
2015-12-09,2
2015-12-10,4
2015-12-11,10
2015-12-12,12
2015-12-13,11
2015-12-14,13
2015-12-15,10
2015-12-16,12
2015-12-17,26
2015-12-18,18
2015-12-19,9
2015-12-20,25
2015-12-21,30
2015-12-22,24
2015-12-23,12
2015-12-24,8
2015-12-25,3
2015-12-27,10
2015-12-28,17
2015-12-29,22
2015-12-30,24
2015-12-31,10
2016-01-01,2
2016-01-03,2
2016-01-04,2
2016-01-05,4
2016-01-06,5
2016-01-07,4
2016-01-08,8
2016-01-09,5
2016-01-10,9
2016-01-11,9
2016-01-12,8
2016-01-13,6
2016-01-14,7
2016-01-15,11
2016-01-16,15
2016-01-17,5
2016-01-18,57
2016-01-19,20
2016-01-20,28
2016-01-21,35
2016-01-22,31
2016-01-23,13
2016-01-24,14
2016-01-25,12
2016-01-26,13
2016-01-27,13
2016-01-28,11
2016-01-29,12
2016-01-30,12
2016-01-31,15
2016-02-01,15
2016-02-02,36
2016-02-03,12
2016-02-04,15
2016-02-05,14
2016-02-06,15
2016-02-07,6
2016-02-08,8
2016-02-09,8
2016-02-10,8
2016-02-11,5
2016-02-12,17
2016-02-13,17
2016-02-14,7
2016-02-15,9
2016-02-16,17
2016-02-17,26
2016-02-18,25
2016-02-19,23
2016-02-20,12
2016-02-21,16
2016-02-22,22
2016-02-23,23
2016-02-24,27
2016-02-25,42
2016-02-26,28
2016-02-27,27
2016-02-28,13
2016-02-29,7
2016-03-01,5
2016-03-02,5
2016-03-03,32
2016-03-04,7
2016-03-05,8
2016-03-06,3
2016-03-07,11
2016-03-08,14
2016-03-09,8
2016-03-10,6
2016-03-11,8
2016-03-12,6
2016-03-13,9
2016-03-14,8
2016-03-15,7
2016-03-16,9
2016-03-17,10
2016-03-18,10
2016-03-19,9
2016-03-20,6
2016-03-21,3
2016-03-22,3
2016-03-23,7
2016-03-24,3
2016-03-25,8
2016-04-25,4
2016-04-26,6
2016-04-27,9
2016-04-28,7
2016-04-29,8
2016-04-30,11
2016-05-01,11
2016-05-02,6
2016-05-03,5
2016-05-04,10
2016-05-05,10
2016-05-06,12
2016-05-07,11
2016-05-08,14
2016-05-09,14
2016-05-10,10
2016-05-11,14
2016-05-12,16
2016-05-13,16
2016-05-14,13
2016-05-15,13
2016-05-16,14
2016-05-17,9
2016-05-18,14
2016-05-19,13
2016-05-20,6
2016-05-21,4
2016-05-30,3
2016-05-31,11
2016-06-01,11
2016-06-02,12
2016-06-03,12
2016-06-04,15
2016-06-05,17
2016-06-06,16
2016-06-07,16
2016-06-08,18
2016-06-09,16
2016-06-10,14
2016-06-11,14
2016-06-12,18
2016-06-13,20
2016-06-14,24
2016-06-15,12
2016-06-16,8
2016-06-17,13
2016-06-18,19
2016-06-19,20
2016-06-20,24
2016-06-21,21
2016-06-22,18
2016-06-23,12
2016-06-24,13
2016-06-25,11
2016-06-26,14
2016-06-27,14
2016-06-30,1
2016-07-01,3
2016-07-02,1
2016-07-05,10
2016-07-06,15
2016-07-07,12
2016-07-09,2
2016-07-10,6
2016-07-11,2
2016-07-12,3
2016-07-13,3
2016-07-14,4
2016-07-15,4
2016-07-16,5
2016-07-17,5
2016-07-18,3
2016-07-19,6
2016-07-20,8
2016-07-21,8
2016-07-22,13
2016-07-23,18
2016-07-24,17
2016-07-25,21
2016-07-26,21
2016-07-27,23
2016-07-28,20
2016-07-29,17
2016-07-30,18
2016-07-31,9
2016-08-01,10
2016-08-02,54
2016-08-03,69
2016-08-04,71
2016-08-05,54
2016-08-06,16
2016-08-07,17
2016-08-08,17
2016-08-09,19
2016-08-10,13
2016-08-15,26
2016-08-17,1
2016-08-18,4
2016-08-19,5
2016-08-20,21
2016-08-21,5
2016-08-22,8
2016-08-23,5
2016-08-24,7
2016-08-25,6
2016-08-26,5
2016-08-27,8
2016-08-28,7
2016-08-29,10
2016-08-30,26
2016-08-31,23
2016-09-05,2
2016-09-06,3
2016-09-07,3
2016-09-08,4
2016-09-09,3
2016-09-10,3
2016-09-11,3
2016-09-12,2
2016-09-13,3
2016-09-14,4
2016-09-15,5
2016-09-16,8
2016-09-17,7
2016-09-18,6
2016-09-19,7
2016-09-20,6
2016-09-27,2
2016-09-28,1
2016-09-29,4
2016-09-30,5
2016-10-01,5
2016-10-02,5
2016-10-03,7
2016-10-04,8
2016-10-05,7
2016-10-06,3
2016-10-07,9
2016-10-08,8
2016-10-09,9
2016-10-10,16
2016-10-11,15
2016-10-12,21
2016-10-13,21
2016-10-14,20
2016-10-15,25
2016-10-16,20
2016-10-17,18
2016-10-18,11
2016-10-19,18
2016-10-20,20
2016-10-21,23
2016-10-22,22
2016-10-23,25
2016-10-24,24
2016-10-25,22
2016-10-26,26
2016-10-27,28
2016-10-28,23
2016-10-29,15
2016-10-30,19
2016-10-31,21
2016-11-01,21
2016-11-02,20
2016-11-03,20
2016-11-04,26
2016-11-05,25
2016-11-06,16
2016-11-07,21
2016-11-08,24
2016-11-09,13
2016-11-10,15
2016-11-11,18
2016-11-12,15
2016-11-13,13
2016-11-14,7
2016-11-15,5
2016-11-16,1
2016-11-17,1
2016-11-18,4
2016-11-19,5
2016-11-20,5
2016-11-21,5
2016-11-22,5
2016-11-23,3
2016-11-24,3
2016-11-25,3
2016-11-26,6
2016-11-27,21
2016-11-28,23
2016-11-29,11
2016-11-30,6
2016-12-01,8
2016-12-02,7
2016-12-03,7
2016-12-04,7
2016-12-05,3
2016-12-14,11
2016-12-15,15
2016-12-16,15
2016-12-18,2
2016-12-19,6
2016-12-20,3
2016-12-21,20
2016-12-22,14
2016-12-23,4
2016-12-24,4
2016-12-25,3
2016-12-26,4
2016-12-27,5
2016-12-28,6
2016-12-29,30
2016-12-30,20
2016-12-31,24
2017-01-01,13
2017-01-02,4
2017-01-03,6
2017-01-04,3
2017-01-05,27
2017-01-06,18
2017-01-07,36
2017-01-08,37
2017-01-09,12
2017-01-10,8
2017-01-11,7
2017-01-12,5
2017-01-13,6
2017-01-14,16
2017-01-15,24
2017-01-16,20
2017-01-17,16
2017-01-18,36
2017-01-19,17
2017-01-20,17
2017-01-21,20
2017-01-22,21
2017-01-23,14
2017-01-24,13
2017-01-25,18
2017-01-26,15
2017-01-27,16
2017-01-28,17
2017-01-29,17
2017-01-30,8
2017-01-31,11
2017-02-03,6
2017-02-04,4
2017-02-05,5
2017-02-06,5
2017-02-07,24
2017-02-08,41
2017-02-09,8
2017-02-10,8
2017-02-11,11
2017-02-12,11
2017-02-13,11
2017-02-14,9
2017-02-15,10
2017-02-16,9
2017-02-17,15
2017-02-18,25
2017-02-19,24
2017-02-20,23
2017-02-21,15
2017-02-22,19
2017-02-23,33
2017-02-24,17
2017-02-25,17
2017-02-26,15
2017-02-27,21
2017-02-28,15
2017-03-01,45
2017-03-02,5
2017-03-03,1
2017-03-04,25
2017-03-05,51
2017-03-06,48
2017-03-07,49
2017-03-08,107
2017-03-09,48
2017-03-10,23
2017-03-11,34
2017-03-12,84
2017-03-13,41
2017-03-14,60
2017-03-15,35
2017-03-16,18
2017-03-17,20
2017-03-18,15
2017-03-19,15
2017-03-20,13
2017-03-21,18
2017-03-22,14
2017-03-23,13
2017-03-24,15
2017-03-25,10
2017-03-26,13
2017-03-27,11
2017-03-28,15
2017-03-29,14
2017-03-30,9
2017-03-31,4
2017-04-05,5
2017-04-06,8
2017-04-07,10
2017-04-08,6
2017-04-09,6
2017-04-10,4
2017-04-11,4
2017-04-12,1
2017-05-05,4
2017-05-06,5
2017-05-07,5
2017-05-08,5
2017-05-09,5
2017-05-10,6
2017-05-11,5
2017-05-12,6
2017-05-13,6
2017-05-14,6
2017-05-15,4
2017-05-16,6
2017-05-17,7
2017-05-18,6
2017-05-19,12
2017-05-20,14
2017-05-21,12
2017-05-22,13
2017-05-23,12
2017-05-24,13
2017-05-25,13
2017-05-26,52
2017-05-27,11
2017-05-28,13
2017-05-29,13
2017-05-30,15
2017-05-31,53
2017-06-01,11
2017-06-02,13
2017-06-03,14
2017-06-04,13
2017-06-05,14
2017-06-06,50
2017-06-07,15
2017-06-08,13
2017-06-09,16
2017-06-10,15
2017-06-11,16
2017-06-12,13
2017-06-13,10
2017-06-14,8
2017-06-15,8
2017-06-16,9
2017-06-17,7
2017-06-18,5
2017-06-19,11
2017-06-20,14
2017-06-21,13
2017-06-22,6
2017-06-23,7
2017-06-24,8
2017-06-25,13
2017-06-26,12
2017-06-27,38
2017-06-28,24
2017-06-29,25
2017-06-30,13
2017-07-01,13
2017-07-02,6
2017-07-03,5
2017-07-04,16
2017-07-05,14
2017-07-06,21
2017-07-07,28
2017-07-08,29
2017-07-09,33
2017-07-10,31
2017-07-11,31
2017-07-12,25
2017-07-13,21
2017-07-14,29
2017-07-15,70
2017-07-16,93
2017-07-17,30
2017-07-18,18
2017-07-19,27
2017-07-20,33
2017-07-21,18
2017-07-22,17
2017-07-23,20
2017-07-24,11
2017-07-25,20
2017-07-26,23
2017-07-27,19
2017-07-28,20
2017-07-29,26
2017-07-30,23
2017-07-31,19
2017-08-01,25
2017-08-02,32
2017-08-03,28
2017-08-04,22
2017-08-05,21
2017-08-06,28
2017-08-07,12
2017-08-08,23
2017-08-09,16
2017-08-10,9
2017-08-11,18
2017-08-12,19
2017-08-13,10
2017-08-14,7
2017-08-15,10
2017-08-16,9
2017-08-17,9
2017-08-18,39
2017-08-19,42
2017-08-20,31
2017-08-21,11
2017-08-22,11
2017-08-23,11
2017-08-24,11
2017-08-25,11
2017-08-26,13
2017-08-27,13
2017-08-28,14
2017-08-29,15
2017-08-30,14
2017-08-31,13
2017-09-01,13
2017-09-02,15
2017-09-03,16
2017-09-04,18
2017-09-05,11
2017-09-06,12
2017-09-07,16
2017-09-08,16
2017-09-09,16
2017-09-10,14
2017-09-11,9
2017-09-12,15
2017-09-13,11
2017-09-14,6
2017-09-15,8
2017-09-16,20
2017-09-17,36
2017-09-18,30
2017-09-19,25
2017-09-20,21
2017-09-21,13
2017-09-22,11
2017-09-23,11
2017-09-24,13
2017-09-25,33
2017-09-26,30
2017-09-27,29
2017-09-28,28
2017-09-29,30
2017-09-30,26
2017-10-02,5
2017-10-03,9
2017-10-04,12
2017-10-05,7
2017-10-10,13
2017-10-11,8
2017-10-12,22
2017-10-13,4
2017-10-14,7
2017-10-15,7
2017-10-16,9
2017-10-18,1
2017-10-19,6
2017-10-20,8
2017-10-21,8
2017-10-22,9
2017-10-23,8
2017-10-24,5
2017-10-25,8
2017-10-26,10
2017-10-27,14
2017-10-28,16
2017-10-29,14
2017-10-30,8
2017-10-31,9
2017-11-01,6
2017-11-02,7
2017-11-03,7
2017-11-04,7
2017-11-05,7
2017-11-06,9
2017-11-07,9
2017-11-08,7
2017-11-09,9
2017-11-10,10
2017-11-11,14
2017-11-12,16
2017-11-13,16
2017-11-14,18
2017-11-15,13
2017-11-16,14
2017-11-17,4
2017-11-18,6
2017-11-19,23
2017-11-20,21
2017-11-21,8
2017-11-22,20
2017-11-23,14
2017-11-24,17
2017-11-30,1
2017-12-01,3
2017-12-02,5
2017-12-03,4
2017-12-04,6
2017-12-05,6
2017-12-06,7
2017-12-07,4
2017-12-08,7
2017-12-09,7
2017-12-10,12
2017-12-11,14
2017-12-12,15
2017-12-13,14
2017-12-14,16
2017-12-15,14
2017-12-16,6
2017-12-17,2
2017-12-20,1
2018-01-01,3
2018-01-02,5
2018-01-03,5
2018-01-04,5
2018-01-05,6
2018-01-06,10
2018-01-07,17
2018-01-08,14
2018-01-09,9
2018-01-10,9
2018-01-11,12
2018-01-12,13
2018-01-13,10
2018-01-14,6
2018-01-15,11
2018-01-16,14
2018-01-17,7
2018-01-18,12
2018-01-19,37
2018-01-20,11
2018-01-21,13
2018-01-22,26
2018-01-23,33
2018-01-24,24
2018-01-25,13
2018-01-26,4
2018-01-27,4
2018-01-28,2
2018-01-29,25
2018-01-30,1
2018-01-31,2
2018-02-01,4
2018-02-02,4
2018-02-03,5
2018-02-04,4
2018-02-05,3
2018-02-06,5
2018-02-07,17
2018-02-08,30
2018-02-09,42
2018-02-10,50
2018-02-11,46
2018-02-12,14
2018-02-13,31
2018-02-14,27
2018-02-15,13
2018-02-16,14
2018-02-17,22
2018-02-18,17
2018-02-19,9
2018-02-20,30
2018-02-21,20
2018-02-22,13
2018-02-23,15
2018-02-24,13
2018-02-25,36
2018-02-26,36
2018-02-27,25
2018-02-28,14
2018-03-01,18
2018-03-02,3
2018-03-03,5
2018-03-04,6
2018-03-05,3
2018-03-06,3
2018-03-07,15
2018-03-08,26
2018-03-09,25
2018-03-10,29
2018-03-11,16
2018-03-12,3
2018-03-13,10
2018-03-14,14
2018-03-15,13
2018-03-16,14
2018-03-17,17
2018-03-18,4
2018-03-19,18
2018-03-20,34
2018-03-21,4
2018-03-22,4
2018-03-23,3
2018-03-24,3
2018-03-25,15
2018-03-26,4
2018-03-27,9
2018-03-28,17
2018-03-29,23
2018-03-30,20
2018-03-31,25
2018-04-01,13
2018-04-02,4
2018-04-03,4
2018-04-04,3
2018-04-05,4
2018-04-06,3
2018-04-07,2
2018-04-17,2
2018-04-20,1
2018-04-23,5
2018-04-24,6
2018-04-25,6
2018-04-26,7
2018-04-27,8
2018-04-28,12
2018-04-29,15
2018-04-30,15
2018-05-01,15
2018-05-02,15
2018-05-03,15
2018-05-04,19
2018-05-05,23
2018-05-06,25
2018-05-07,27
2018-05-08,26
2018-05-09,14
2018-05-10,21
2018-05-11,16
2018-05-12,19
2018-05-13,21
2018-05-14,19
2018-05-15,12
2018-05-16,16
2018-05-17,20
2018-05-18,21
2018-05-19,20
2018-05-20,15
2018-05-21,14
2018-05-22,11
2018-05-23,15
2018-05-24,15
2018-05-25,13
2018-06-03,7
2018-06-04,12
2018-06-05,10
2018-06-06,14
2018-06-07,12
2018-06-08,16
2018-06-09,17
2018-06-10,15
2018-06-11,14
2018-06-12,16
2018-06-13,12
2018-06-14,16
2018-06-15,17
2018-06-16,19
2018-06-17,12
2018-06-18,9
2018-06-19,13
2018-06-20,20
2018-06-21,24
2018-06-22,25
2018-06-23,29
2018-06-24,27
2018-06-25,26
2018-06-26,28
2018-06-27,19
2018-06-28,19
2018-06-29,16
2018-06-30,18
2018-07-01,21
2018-07-02,19
2018-07-03,16
2018-07-04,16
2018-07-05,18
2018-07-06,16
2018-07-07,15
2018-07-08,12
2018-07-09,12
2018-07-10,14
2018-07-11,13
2018-07-12,13
2018-07-13,14
2018-07-14,12
2018-07-15,13
2018-07-16,18
2018-07-17,16
2018-07-18,19
2018-07-19,16
2018-07-20,15
2018-07-21,9
2018-07-22,18
2018-07-23,9
2018-07-24,18
2018-07-25,14
2018-07-26,13
2018-07-27,9
2018-07-28,5
2018-07-29,10
2018-07-30,8
2018-07-31,4
2018-08-01,6
2018-08-02,14
2018-08-03,17
2018-08-04,18
2018-08-05,19
2018-08-06,22
2018-08-07,20
2018-08-08,20
2018-08-09,20
2018-08-10,22
2018-08-11,20
2018-08-12,23
2018-08-13,22
2018-08-14,25
2018-08-15,24
2018-08-16,25
2018-08-17,29
2018-08-18,50
2018-08-19,78
2018-08-20,23
2018-08-21,30
2018-08-22,31
2018-08-23,23
2018-08-24,27
2018-08-25,26
2018-08-26,25
2018-08-27,29
2018-08-28,32
2018-08-29,26
2018-08-30,29
2018-08-31,20
2018-09-01,19
2018-09-02,22
2018-09-03,36
2018-09-04,37
2018-09-05,23
2018-09-06,36
2018-09-07,32
2018-09-08,14
2018-09-09,19
2018-09-10,23
2018-09-11,19
2018-09-12,9
2018-09-13,8
2018-09-14,10
2018-09-15,11
2018-09-16,11
2018-09-17,8
2018-09-18,11
2018-09-19,10
2018-09-20,9
2018-09-21,9
2018-09-22,8
2018-09-23,6
2018-09-24,8
2018-09-25,10
2018-09-26,7
2018-09-27,5
2018-09-28,4
2018-09-29,9
2018-09-30,8
2018-10-01,9
2018-10-02,16
2018-10-03,14
2018-10-04,35
2018-10-05,34
2018-10-06,21
2018-10-07,17
2018-10-08,19
2018-10-09,18
2018-10-10,18
2018-10-11,24
2018-10-12,29
2018-10-13,36
2018-10-14,29
2018-10-15,25
2018-10-16,17
2018-10-17,4
2018-10-18,5
2018-10-19,6
2018-10-20,5
2018-10-21,6
2018-10-22,6
2018-10-23,5
2018-10-24,5
2018-10-25,5
2018-10-26,4
2018-10-27,5
2018-10-28,5
2018-10-29,5
2018-10-30,4
2018-10-31,1
2018-11-07,2
2018-11-08,8
2018-11-09,7
2018-11-10,1
2018-11-11,12
2018-11-12,8
2018-11-13,8
2018-11-19,2
2018-11-20,39
2018-11-21,9
2018-11-25,21
2018-11-26,33
2018-11-27,23
2018-11-28,23
2018-11-29,12
2018-11-30,22
2018-12-01,20
2018-12-02,5
2018-12-10,30
2018-12-11,66
2018-12-12,70
2018-12-13,5
2018-12-16,3
2018-12-17,5
2018-12-18,4
2018-12-19,5
2018-12-20,5
2018-12-21,4
2018-12-22,4
2018-12-23,5
2018-12-24,4
2018-12-25,4
2018-12-26,6
2018-12-27,3
2018-12-28,5
2018-12-29,10
2018-12-30,20
2018-12-31,18
2019-01-01,27
2019-01-02,26
2019-01-03,28
2019-01-04,32
2019-01-05,5
2019-01-06,6
2019-01-07,36
2019-01-08,27
2019-01-09,12
2019-01-10,9
2019-01-11,15
2019-01-12,14
2019-01-13,16
2019-01-14,15
2019-01-15,13
2019-01-16,12
2019-01-17,13
2019-01-18,10
2019-01-19,16
2019-01-20,2
2019-01-21,2
2019-01-22,6
2019-01-23,1
2019-01-24,4
2019-01-25,5
2019-01-26,7
2019-01-27,11
2019-01-28,9
2019-01-29,21
2019-01-30,13
2019-01-31,13
2019-02-01,13
2019-02-02,16
2019-02-03,11
2019-02-04,13
2019-02-05,12
2019-02-06,13
2019-02-07,13
2019-02-08,8
2019-02-09,26
2019-02-10,31
2019-02-11,4
2019-02-12,5
2019-02-13,4
2019-02-14,6
2019-02-15,8
2019-02-16,10
2019-02-17,11
2019-02-18,10
2019-02-19,5
2019-02-20,6
2019-02-21,15
2019-02-22,12
2019-02-23,18
2019-02-24,26
2019-02-25,30
2019-02-26,33
2019-02-27,34
2019-02-28,36
2019-03-01,12
2019-03-02,10
2019-03-03,21
2019-03-04,23
2019-03-05,18
2019-03-06,26
2019-03-07,23
2019-03-08,32
2019-03-09,22
2019-03-10,21
2019-03-11,25
2019-03-12,18
2019-03-13,15
2019-03-14,25
2019-03-15,24
2019-03-16,20
2019-03-17,29
2019-03-18,25
2019-03-19,24
2019-03-20,24
2019-03-21,22
2019-03-22,21
2019-03-23,28
2019-03-24,16
2019-03-25,14
2019-03-26,15
2019-03-27,13
2019-03-28,10
2019-03-29,10
2019-03-30,8
2019-03-31,10
2019-04-01,6
2019-04-02,7
2019-04-03,9
2019-04-04,9
2019-04-05,13
2019-04-06,12
2019-04-07,13
2019-04-08,12
2019-04-09,13
2019-04-10,12
2019-04-11,13
2019-04-12,13
2019-04-13,9
2019-04-14,13
2019-04-15,12
2019-04-16,16
2019-04-17,10
2019-04-18,14
2019-04-19,16
2019-04-20,13
2019-04-21,17
2019-04-22,16
2019-04-23,15
2019-04-24,11
2019-05-31,1
2019-06-01,5
2019-06-02,6
2019-06-03,3
2019-06-04,5
2019-06-05,3
2019-06-06,5
2019-06-07,5
2019-06-08,6
2019-06-09,6
2019-06-10,5
2019-06-11,5
2019-06-12,6
2019-06-13,6
2019-06-14,6
2019-06-15,4
2019-06-16,7
2019-06-17,6
2019-06-18,6
2019-06-19,7
2019-06-20,7
2019-06-21,7
2019-06-22,10
2019-06-23,13
2019-06-24,14
2019-06-25,31
2019-06-26,25
2019-06-27,24
2019-06-28,18
2019-06-29,18
2019-06-30,19
2019-07-01,20
2019-07-02,16
2019-07-03,14
2019-07-04,11
2019-07-05,13
2019-07-06,5
2019-07-25,6
2019-07-26,5
2019-07-27,11
2019-07-28,12
2019-07-29,12
2019-07-30,13
2019-07-31,13
2019-08-01,14
2019-08-02,13
2019-08-03,10
2019-08-04,11
2019-08-05,8
2019-08-06,15
2019-08-07,14
2019-08-08,12
2019-08-09,13
2019-08-10,8
2019-08-11,16
2019-08-12,13
2019-08-13,16
2019-08-14,15
2019-08-15,18
2019-08-16,16
2019-08-17,11
2019-08-18,16
2019-08-19,18
2019-08-20,20
2019-08-21,18
2019-08-22,22
2019-08-23,2
2019-10-04,5
2019-10-05,3
2019-10-07,4
2019-10-08,1
2019-10-09,2
2019-10-10,5
2019-10-11,3
2019-10-12,3
2019-10-13,3
2019-10-14,6
2019-10-15,5
2019-10-16,4
2019-10-17,5
2019-10-18,6
2019-10-19,5
2019-10-20,5
2019-10-21,2
2020-01-04,13
2020-01-05,13
2020-01-06,14
2020-01-07,11
2020-01-08,17
2020-01-09,19
2020-01-10,17
2020-01-11,8
2020-01-12,4
2020-01-13,2
2020-01-14,1
2020-01-15,12
2020-01-16,12
2020-01-17,8
2020-01-18,10
2020-01-19,10
2020-01-20,13
2020-01-21,8
2020-01-22,12
2020-01-23,11
